title,link
CIP.Scanner,https://www.fortiguard.com/encyclopedia/ips/52663
FG-VD-22-110_Sierra.0day,https://www.fortiguard.com/encyclopedia/ips/52587
Suspicious.Javascript.Obfuscation.Packer,https://www.fortiguard.com/encyclopedia/ips/52597
IP.Protocol.Scan,https://www.fortiguard.com/encyclopedia/ips/52549
dotCMS.Portal.Multiple.XSS,https://www.fortiguard.com/encyclopedia/ips/51948
Arctic.Wolf.Scanner,https://www.fortiguard.com/encyclopedia/ips/51706
DNS.PTR.Records.Scan,https://www.fortiguard.com/encyclopedia/ips/51391
Adobe.Illustrator.CVE-2022-23198.Null.Pointer.Dereference,https://www.fortiguard.com/encyclopedia/ips/51017
Adobe.Illustrator.CVE-2022-23199.NULL.Pointer.Dereference,https://www.fortiguard.com/encyclopedia/ips/51016
Censys.io.Scanner,https://www.fortiguard.com/encyclopedia/ips/50899
Cisco.WebEx.Out.of.Bound.Read,https://www.fortiguard.com/encyclopedia/ips/50889
Assetnote.Scanner,https://www.fortiguard.com/encyclopedia/ips/49987
Apple.Safari.WebKit.WebCore.AudioArray.Information.Disclosure,https://www.fortiguard.com/encyclopedia/ips/49436
Ethernet.IP.Device.Scanner,https://www.fortiguard.com/encyclopedia/ips/49399
ISF.S7-1200.S7-1500.S7comm.Plus.Scanner,https://www.fortiguard.com/encyclopedia/ips/49385
ISF.S7-300.S7-400.S7comm.Scanner,https://www.fortiguard.com/encyclopedia/ips/49386
ISF.CIP.Scanner,https://www.fortiguard.com/encyclopedia/ips/49363
Magento.Login.Brute.Force,https://www.fortiguard.com/encyclopedia/ips/49300
Suspicious.PHP.URI.Location,https://www.fortiguard.com/encyclopedia/ips/48951
Nuclei.Vulnerability.Scanner,https://www.fortiguard.com/encyclopedia/ips/48922
HTTP.Suspicious.Headers.With.Special.Characters,https://www.fortiguard.com/encyclopedia/ips/48934
PostgreSQL.Login.Brute.Force,https://www.fortiguard.com/encyclopedia/ips/48914
MSSQL.BruteForce.Login,https://www.fortiguard.com/encyclopedia/ips/48809
ffuf.Web.Fuzzer,https://www.fortiguard.com/encyclopedia/ips/48818
ZGrab.Scanner,https://www.fortiguard.com/encyclopedia/ips/48805
pplsip.SIP.Scanner,https://www.fortiguard.com/encyclopedia/ips/48756
DFind.Vulnerability.Scanner,https://www.fortiguard.com/encyclopedia/ips/48642
Generic.DNS.Tunnel.Detection.Variant.A,https://www.fortiguard.com/encyclopedia/ips/48463
FG-VD-19-040_Plex.Web.Client.0day,https://www.fortiguard.com/encyclopedia/ips/47702
Sweetscape.010.Editor.ReadWLine.Memory.Corruption,https://www.fortiguard.com/encyclopedia/ips/48459
Dnscat2.DNS.Tunnel,https://www.fortiguard.com/encyclopedia/ips/48370
WSDirectory.UDP.Amplification.Detection,https://www.fortiguard.com/encyclopedia/ips/48409
Atlassian.Jira.Server.Dashboard.Config.Information.Disclosure,https://www.fortiguard.com/encyclopedia/ips/48313
Joomla!.Component.Barter.Sites.Authenticated.XSS,https://www.fortiguard.com/encyclopedia/ips/48145
LANDesk.Management.Agent.Local.DoS,https://www.fortiguard.com/encyclopedia/ips/47997
Nessus.Scanner,https://www.fortiguard.com/encyclopedia/ips/47971
ThunderDNS.Tunnel,https://www.fortiguard.com/encyclopedia/ips/47697
Oracle.Java.jnlp.Arbitrary.File.Deletion,https://www.fortiguard.com/encyclopedia/ips/47693
Emby.Media.Server.DevicesOptions.CustomName.XSS,https://www.fortiguard.com/encyclopedia/ips/47571
ReGeorg.HTTP.Tunnel,https://www.fortiguard.com/encyclopedia/ips/47584
ReDuh.HTTP.Tunnel,https://www.fortiguard.com/encyclopedia/ips/47580
Netsparker.Web.Scanner,https://www.fortiguard.com/encyclopedia/ips/47558
WPScan.WordPress.Vulnerability.Scanner,https://www.fortiguard.com/encyclopedia/ips/47446
Jexboss.Toolkit.Request,https://www.fortiguard.com/encyclopedia/ips/47361
Broadcom.UPnP.Stack.SetConnectionType.Function.Format.String,https://www.fortiguard.com/encyclopedia/ips/47315
IBM.WebSphere.MQ.Login.User.ID.Brute.Force.Check,https://www.fortiguard.com/encyclopedia/ips/47181
Erlang.Port.Mapper.Daemon.Cookie.Remote.Code.Execution,https://www.fortiguard.com/encyclopedia/ips/47299
UPnP.SSDP.M.Search.Anomaly,https://www.fortiguard.com/encyclopedia/ips/47173
MS.RPC.UTC.DoS,https://www.fortiguard.com/encyclopedia/ips/47123
Magecart.E-Commerce.JS.Sniffer,https://www.fortiguard.com/encyclopedia/ips/47046
DET.Data.Exfiltration,https://www.fortiguard.com/encyclopedia/ips/46965
MS.Windows.DeviceGuard.Security.Feature.Bypass,https://www.fortiguard.com/encyclopedia/ips/46831
GoLismero.Web.Scanner,https://www.fortiguard.com/encyclopedia/ips/46492
w3af.Web.Scanner,https://www.fortiguard.com/encyclopedia/ips/46474
FG-VD-18-107_0day,https://www.fortiguard.com/encyclopedia/ips/46286
NETGEAR.Orbi.GuestPortal.XSS,https://www.fortiguard.com/encyclopedia/ips/46154
Cisco.Smart.Install.Feature.Enable.Scanner,https://www.fortiguard.com/encyclopedia/ips/45938
Samba.Printer.Server.spoolss.Denial.Of.Service,https://www.fortiguard.com/encyclopedia/ips/45762
Qualys.Vulnerability.Scanner,https://www.fortiguard.com/encyclopedia/ips/45660
WhiteHat.Security.Vulnerability.Scanner,https://www.fortiguard.com/encyclopedia/ips/45661
Nmap.Script.Scanner,https://www.fortiguard.com/encyclopedia/ips/45360
Nikto.Web.Scanner,https://www.fortiguard.com/encyclopedia/ips/44780
OpenVAS.Web.Scanner,https://www.fortiguard.com/encyclopedia/ips/44781
MS.Browser.CVE-2017-11791.Memory.Corruption,https://www.fortiguard.com/encyclopedia/ips/44847
MS.Office.Word.DDEAUTO.Command.Execution,https://www.fortiguard.com/encyclopedia/ips/44768
Masscan.Scanner,https://www.fortiguard.com/encyclopedia/ips/44778
Common.Gateway.Interface.common.cgi.Access,https://www.fortiguard.com/encyclopedia/ips/44678
MS.Windows.Graphics.Component.Information.Disclosure,https://www.fortiguard.com/encyclopedia/ips/44578
FG-VD-17-164_OpenCart.0day,https://www.fortiguard.com/encyclopedia/ips/44535
Jorgee.Web.Scanner,https://www.fortiguard.com/encyclopedia/ips/44308
Wind.River.VxWorks.WDB.Debug.Service.Version.Number.Scanner,https://www.fortiguard.com/encyclopedia/ips/44135
Fireball.Adware,https://www.fortiguard.com/encyclopedia/ips/44065
Adobe.Reader.JPEG.2000.JP2Header.Parsing.Information.Disclosure,https://www.fortiguard.com/encyclopedia/ips/43895
Adobe.Reader.JPEG.2000.Malformed.Stream.Information.Disclosure,https://www.fortiguard.com/encyclopedia/ips/43896
Adobe.Reader.JPEG.File.Handling.Information.Disclosure,https://www.fortiguard.com/encyclopedia/ips/43915
Adobe.Reader.PDF.JPEG.Component.Sizes.Information.Disclosure,https://www.fortiguard.com/encyclopedia/ips/43900
Adobe.Reader.PDF.JPEG.Inconsistent.Tile.Memory.Corruption,https://www.fortiguard.com/encyclopedia/ips/43902
Adobe.Reader.Weblink.Malformed.URI.Information.Disclosure,https://www.fortiguard.com/encyclopedia/ips/43894
Adobe.Reader.XSLT.Element.Handling.Information.Disclosure,https://www.fortiguard.com/encyclopedia/ips/43917
MS.Windows.GDI.Out.Of.Bounds.Read.Information.Disclosure,https://www.fortiguard.com/encyclopedia/ips/43870
Port.Scanning,https://www.fortiguard.com/encyclopedia/ips/43814
Malicious.Obfuscated.PDF.File.Access,https://www.fortiguard.com/encyclopedia/ips/43823
Foxit.PDF.Reader.JBIG2.Symbol.Dictionary.Information.Disclosure,https://www.fortiguard.com/encyclopedia/ips/43734
MongoDB.Unauthenticated.Remote.Database.Access,https://www.fortiguard.com/encyclopedia/ips/43721
MS.Windows.Media.Player.Information.Disclosure,https://www.fortiguard.com/encyclopedia/ips/43670
MS.Windows.Kernel.Cursor.Object.Local.Information.Disclosure,https://www.fortiguard.com/encyclopedia/ips/43530
HTTP.Headers.End.With.LFCRCRLF,https://www.fortiguard.com/encyclopedia/ips/43399
MS.Browser.Print.Preview.Information.Disclosure,https://www.fortiguard.com/encyclopedia/ips/43388
MS.Edge.WebKitDirecory.Read.Local.File.Information.Disclosure,https://www.fortiguard.com/encyclopedia/ips/43383
MS.Windows.GetDIBits.BITMAPINFOHEADER.Information.Disclosure,https://www.fortiguard.com/encyclopedia/ips/43376
MS.Edge.AnchorElement.Information.Disclosure,https://www.fortiguard.com/encyclopedia/ips/42924
MS.Edge.wininet.dll.Sub.Component.Information.Disclosure,https://www.fortiguard.com/encyclopedia/ips/42916
IBM.WebSphere.AS.SIP.Processing.DoS,https://www.fortiguard.com/encyclopedia/ips/42857
MS.IE.File.Name.Information.Disclosure,https://www.fortiguard.com/encyclopedia/ips/42814
MS.IE.Reader.Mode.Html.Injection,https://www.fortiguard.com/encyclopedia/ips/42703
JspSpy.Web.Shell,https://www.fortiguard.com/encyclopedia/ips/42718
MS.IE.Hyperlink.Content.Spoofing,https://www.fortiguard.com/encyclopedia/ips/42701
MS.Windows.Kernel.PlgBlt.Privilege.Escalation,https://www.fortiguard.com/encyclopedia/ips/42705
BREACH.HTTPS.Compression.Information.Disclosure,https://www.fortiguard.com/encyclopedia/ips/42657
ImageMagick.Image.ephemeral.Pseudo.Protocol.File.Access,https://www.fortiguard.com/encyclopedia/ips/42556
MS.ASP.NET.ValidateRequest.XSS,https://www.fortiguard.com/encyclopedia/ips/42528
MS.Win32KFull.Sys.Information.Disclosure,https://www.fortiguard.com/encyclopedia/ips/42378
Audacity.FORMATCHUNK.Memory.Corruption,https://www.fortiguard.com/encyclopedia/ips/42011
D-Link.DSL-2730B.Multiple.XSS,https://www.fortiguard.com/encyclopedia/ips/41656
TYPO3.CMS.SanitizeLocalUrl.XSS,https://www.fortiguard.com/encyclopedia/ips/41454
ManageEngine.ServiceDesk.File.Upload.Directory.Traversal,https://www.fortiguard.com/encyclopedia/ips/41395
Adobe.Reader.exclGroup.element.Handling.DoS,https://www.fortiguard.com/encyclopedia/ips/41259
SIPVicious.SIP.Scanner,https://www.fortiguard.com/encyclopedia/ips/40674
Muieblackcat.Scanner,https://www.fortiguard.com/encyclopedia/ips/40582
TLS.DH.Downgrade.Cipher.Temp.Key.Security.Bypass,https://www.fortiguard.com/encyclopedia/ips/40651
SIP.Unknown.Content.Type,https://www.fortiguard.com/encyclopedia/ips/40467
OpenSSL.DHE.Client.Key.Exchange.DoS,https://www.fortiguard.com/encyclopedia/ips/40429
SIP.Proxy-Require.and.Require,https://www.fortiguard.com/encyclopedia/ips/40428
DirBuster.Web.Server.Scanner,https://www.fortiguard.com/encyclopedia/ips/39770
Havij.Advanced.SQL.Injection.Scanner,https://www.fortiguard.com/encyclopedia/ips/39768
Acunetix.Web.Vulnerability.Scanner,https://www.fortiguard.com/encyclopedia/ips/39769
Adobe.Acrobat.and.Reader.Triangle.Object.Memory.Corruption,https://www.fortiguard.com/encyclopedia/ips/39794
Adobe.Reader.Bitmap.Data.Memory.Corruption,https://www.fortiguard.com/encyclopedia/ips/39787
Adobe.Reader.Embedded.Font.Parsing.Memory.Corruption,https://www.fortiguard.com/encyclopedia/ips/39777
Adobe.Reader.Image.Decoding.Memory.Corruption,https://www.fortiguard.com/encyclopedia/ips/39780
Adobe.Reader.Image.Thumbnails.Memory.Corruption,https://www.fortiguard.com/encyclopedia/ips/39782
Samba.nmbd.sys.recvfrom.Infinite.Loop.DoS,https://www.fortiguard.com/encyclopedia/ips/38939
Symantec.Web.Gateway.Multiple.PHP.Pages.XSS,https://www.fortiguard.com/encyclopedia/ips/38909
MS.Windows.TCP.Timestamp.Remote.Code.Execution,https://www.fortiguard.com/encyclopedia/ips/17713
DNS.Fast.Flux,https://www.fortiguard.com/encyclopedia/ips/38072
D-Link.IP.Camera.Luminance.Information.Disclosure,https://www.fortiguard.com/encyclopedia/ips/37748
Adobe.Reader.Loop.Reference.DoS,https://www.fortiguard.com/encyclopedia/ips/37503
MS.NET.Framework.JSON.Parsing.DoS,https://www.fortiguard.com/encyclopedia/ips/37049
MS.Windows.NAT.Helper.DNS.Query.LAN.DoS,https://www.fortiguard.com/encyclopedia/ips/36253
Juniper.JunOS.Malformed.TCP.Option,https://www.fortiguard.com/encyclopedia/ips/19512
Morfeus.Vulnerability.Scanner,https://www.fortiguard.com/encyclopedia/ips/35015
MS.OneNote.Buffer.Size.Validation.Information.Disclosure,https://www.fortiguard.com/encyclopedia/ips/34909
Apache.Server-Status.Info.Leak,https://www.fortiguard.com/encyclopedia/ips/33784
Metasploit.JavaScript.Encryption.Packer,https://www.fortiguard.com/encyclopedia/ips/32360
eZ.Publish.ezjscore.Module.XSS,https://www.fortiguard.com/encyclopedia/ips/33057
WordPress.Wp.ImageZoom.file.Parameter.File.Disclosure,https://www.fortiguard.com/encyclopedia/ips/32988
DNS.Amplification.Detection,https://www.fortiguard.com/encyclopedia/ips/32784
Home.FTP.Server.MKD.Command.Directory.Traversal,https://www.fortiguard.com/encyclopedia/ips/32924
IBM.WebSphere.MQ.File.Transfer.Edition.Web.Gateway.CSRF,https://www.fortiguard.com/encyclopedia/ips/32877
Plixer.Scrutinizer.Default.MySQL.Credential.Login,https://www.fortiguard.com/encyclopedia/ips/32832
Oracle.Outside.In.Technology.Outside.In.Filter.Buffer.Overflow,https://www.fortiguard.com/encyclopedia/ips/32726
Apache.Encoded.Backslash.Directory.Traversal,https://www.fortiguard.com/encyclopedia/ips/32366
Apple.iOS5.Safari.URL.Bar.Spoofing,https://www.fortiguard.com/encyclopedia/ips/32566
Fakeftpclient.Attack,https://www.fortiguard.com/encyclopedia/ips/32481
Netmechanica.NetDecision.Dashboard.Information.Disclosure,https://www.fortiguard.com/encyclopedia/ips/32087
Netmechanica.NetDecision.Traffic.Grapher.Information.Disclosure,https://www.fortiguard.com/encyclopedia/ips/32090
MS.IE.Null.Byte.Handling.Information.Disclosure,https://www.fortiguard.com/encyclopedia/ips/32230
GNU.Mailman.Attachment.Scrubber.Filename.UTF-8.DoS,https://www.fortiguard.com/encyclopedia/ips/31695
Netopia.ADSL.Information.Gathering,https://www.fortiguard.com/encyclopedia/ips/31609
RealNetworks.Helix.Server.SNMP.TCP.Connection.DoS,https://www.fortiguard.com/encyclopedia/ips/31643
Apache.httpd.mod_log_config.Malformed.Cookie.DoS,https://www.fortiguard.com/encyclopedia/ips/31670
Canvas.Ftpd.Scan,https://www.fortiguard.com/encyclopedia/ips/31506
Apache.MyFaces.Javax.Faces.Resource.File.Disclosure,https://www.fortiguard.com/encyclopedia/ips/31312
Adobe.ColdFusion.7.Path.Information.Disclosure,https://www.fortiguard.com/encyclopedia/ips/31166
Apache.httpd.mod_log_config.Cookie.Handling.DoS,https://www.fortiguard.com/encyclopedia/ips/31049
Nero.MediaHome.NMMediaServer.EXE.Remote.DoS,https://www.fortiguard.com/encyclopedia/ips/31025
eScan.Corporate.Edition.FTP.Server.Arbitrary.File.Download,https://www.fortiguard.com/encyclopedia/ips/31028
Atvise.WebMI2ADS.Web.Server.Multiple.Vulnerabilities,https://www.fortiguard.com/encyclopedia/ips/30803
CyberLink.PowerDVD.CLMServer.HTTP.Request.Parsing.DoS,https://www.fortiguard.com/encyclopedia/ips/30890
Novell.Sentinel.Log.Manager.filename.Directory.Traversal,https://www.fortiguard.com/encyclopedia/ips/30892
Soda.PDF.Professional.PDF.WWF.File.Parsing.Remote.DoS,https://www.fortiguard.com/encyclopedia/ips/30814
DNS.BailiWicked.Domain.Attack,https://www.fortiguard.com/encyclopedia/ips/29521
FTP.Bounce.Port.Scan,https://www.fortiguard.com/encyclopedia/ips/29510
MS.IE.Sysmon.Remote.DoS,https://www.fortiguard.com/encyclopedia/ips/30473
MS.IE.WMF.CreateBrushIndirect.DoS,https://www.fortiguard.com/encyclopedia/ips/30474
SIP.Register.With.Contact.Header.Param,https://www.fortiguard.com/encyclopedia/ips/30018
MS.IE.DXTFilter.Remote.DoS,https://www.fortiguard.com/encyclopedia/ips/30466
MS.IE.J2SE.Applet.Exception.Remote.DoS,https://www.fortiguard.com/encyclopedia/ips/30460
MS.IE.StructuredGraphics.Remote.DoS,https://www.fortiguard.com/encyclopedia/ips/30465
MS.IIS.IDQ.Path.Disclosure,https://www.fortiguard.com/encyclopedia/ips/30356
MS.IIS.URL.Redirect.Request.DoS,https://www.fortiguard.com/encyclopedia/ips/30358
SIP.Extraneous.Header.Field.Separators,https://www.fortiguard.com/encyclopedia/ips/29988
Notavel.Wireless.MiFi.Password.Information.Disclosure,https://www.fortiguard.com/encyclopedia/ips/26986
SIP.Max.Forwards.Zero,https://www.fortiguard.com/encyclopedia/ips/30016
SIP.Missing.Header.Field,https://www.fortiguard.com/encyclopedia/ips/30117
SIP.Multiple.Spaces.Separating.Request.Line.Elements,https://www.fortiguard.com/encyclopedia/ips/30011
SIP.Unknown.Or.Atypical.Request.URI.Scheme,https://www.fortiguard.com/encyclopedia/ips/30029
ZmEu.Vulnerability.Scanner,https://www.fortiguard.com/encyclopedia/ips/30024
AppSim.Superflow.Generator.Single.Flow,https://www.fortiguard.com/encyclopedia/ips/30286
SIP.Failure.Enclose.Name.Address.URI,https://www.fortiguard.com/encyclopedia/ips/29951
SIP.No.Tokens.In.From.Display,https://www.fortiguard.com/encyclopedia/ips/29980
SCTP.Bad.Checksum,https://www.fortiguard.com/encyclopedia/ips/17759
SIP.No.Tokens.In.Contact.Display,https://www.fortiguard.com/encyclopedia/ips/29979
SIP.No.Tokens.In.To.Display,https://www.fortiguard.com/encyclopedia/ips/29981
SIP.Overlarge.Scalar.Values,https://www.fortiguard.com/encyclopedia/ips/29999
SIP.Unknown.Protocol.Version,https://www.fortiguard.com/encyclopedia/ips/29982
TFTP.Request.NC.EXE.File,https://www.fortiguard.com/encyclopedia/ips/30187
CHETCPASSWD.Shadow.File.Disclosure,https://www.fortiguard.com/encyclopedia/ips/30116
Modernbill.Config.Remote.File.Inclusion,https://www.fortiguard.com/encyclopedia/ips/29885
SIP.Register.Unknown.Url.Parameter,https://www.fortiguard.com/encyclopedia/ips/30019
SIP.Register.With.Url.Escaped.Header,https://www.fortiguard.com/encyclopedia/ips/30020
Oracle.TNS.Listener.SID.Brute.Force,https://www.fortiguard.com/encyclopedia/ips/29308
SIP.Invalid.Content.Length,https://www.fortiguard.com/encyclopedia/ips/29996
BlueZone.Desktop.File.Processing.Multiple.DoS,https://www.fortiguard.com/encyclopedia/ips/29918
Invisionix.Roaming.System.PageHeaderDefault.File.Inclusion,https://www.fortiguard.com/encyclopedia/ips/29908
Sunway.ForceControl.NetServer.Information.Disclosure,https://www.fortiguard.com/encyclopedia/ips/29959
ME.Download.System.Header.Remote.File.Inclusion,https://www.fortiguard.com/encyclopedia/ips/29883
MF.Piadas.Admin.Remote.File.Inclusion,https://www.fortiguard.com/encyclopedia/ips/29884
Mambo.VideoDB.Class.PHP.Remote.File.Inclusion,https://www.fortiguard.com/encyclopedia/ips/29882
MyNewsGroups.Layersmenu.INC.Remote.File.Inclusion,https://www.fortiguard.com/encyclopedia/ips/29886
SIP.Angle.Bracket.Request.URI,https://www.fortiguard.com/encyclopedia/ips/30006
SIP.CSeq.Method.Mismatch,https://www.fortiguard.com/encyclopedia/ips/29984
SIP.Escaped.Headers,https://www.fortiguard.com/encyclopedia/ips/29946
SIP.Invalid.Timezone,https://www.fortiguard.com/encyclopedia/ips/29948
SIP.Missing.Transaction.Identifier,https://www.fortiguard.com/encyclopedia/ips/30013
SIP.Multiple.Content.Length,https://www.fortiguard.com/encyclopedia/ips/30035
SIP.Multiple.Single.Value.Required.Header.Field,https://www.fortiguard.com/encyclopedia/ips/30034
SIP.Overlarge.Response.Code,https://www.fortiguard.com/encyclopedia/ips/29986
SIP.Response.Overlarge.Scalar.Values,https://www.fortiguard.com/encyclopedia/ips/30002
SIP.SP.Characters.At.End.Of.Request.Line,https://www.fortiguard.com/encyclopedia/ips/29944
SIP.Spaces.In.Contact.URI,https://www.fortiguard.com/encyclopedia/ips/29970
SIP.URI.Embedded.LWS.Malformed.Request,https://www.fortiguard.com/encyclopedia/ips/30010
SIP.Unacceptable.Accept.Offering,https://www.fortiguard.com/encyclopedia/ips/30021
SIP.Unknown.Header.URI.Scheme,https://www.fortiguard.com/encyclopedia/ips/30030
SIP.Unterminated.Quoted.Display.String,https://www.fortiguard.com/encyclopedia/ips/30005
AyeView.GIF.Image.Handling.DoS,https://www.fortiguard.com/encyclopedia/ips/27587
Multiple.Products.Unspecified.Library.MP4.File.Remote.DoS,https://www.fortiguard.com/encyclopedia/ips/27460
Ruby.REXML.Remote.DoS,https://www.fortiguard.com/encyclopedia/ips/27390
Total.Video.Player.TVP.Tag.Handling.Remote.Buffer.Overflow,https://www.fortiguard.com/encyclopedia/ips/27468
Vba32.Personal.Antivirus.DoS,https://www.fortiguard.com/encyclopedia/ips/27598
ZoneAlarm.HTTP.Proxy.Remote.DoS,https://www.fortiguard.com/encyclopedia/ips/27396
Oracle9i.AS.Web.Cache.DoS,https://www.fortiguard.com/encyclopedia/ips/29976
MS.Windows.MHTML.URI.Buffer.Overflow,https://www.fortiguard.com/encyclopedia/ips/29529
Mambo.Gallery.Manager.Remote.File.Inclusion,https://www.fortiguard.com/encyclopedia/ips/29612
SAP.BusinessObjects.Axis2.Default.Admin.Password,https://www.fortiguard.com/encyclopedia/ips/29509
CVS.Sensitive.File.Access,https://www.fortiguard.com/encyclopedia/ips/29264
SVN.Sensitive.File.Access,https://www.fortiguard.com/encyclopedia/ips/29263
Dnsmasq.TFTP.Service.Request.Null.Point.DoS,https://www.fortiguard.com/encyclopedia/ips/29349
F.Secure.Gadget.Resource.ActiveX.Handler.Buffer.Overflow,https://www.fortiguard.com/encyclopedia/ips/29286
MapServer.Map.File.Parsing.Double.Free.DoS,https://www.fortiguard.com/encyclopedia/ips/29295
SmallFTPD.FTP.Server.Connection.Saturation.DoS,https://www.fortiguard.com/encyclopedia/ips/29343
StudioLine.Photo.Basic.NMSDVDXU.dll.ActiveX.File.Overwrite,https://www.fortiguard.com/encyclopedia/ips/29289
WordPress.WP.E.Commerce.Plugin.cart.message.XSS,https://www.fortiguard.com/encyclopedia/ips/29291
Acritum.Femitter.Server.HTTP.Request.Remote.File.Disclosure,https://www.fortiguard.com/encyclopedia/ips/29178
TFTP.Server.TFTPDWIN.Long.Message.DoS,https://www.fortiguard.com/encyclopedia/ips/28956
MicroWorld.Technologies.MailScan.Information.Disclosure,https://www.fortiguard.com/encyclopedia/ips/27364
Apple.QuickTime.crgn.Atom.Stack.Exhaustion.DoS,https://www.fortiguard.com/encyclopedia/ips/29089
Apple.Safari.Feed.URI.Input.Validation.XSS,https://www.fortiguard.com/encyclopedia/ips/29083
BadBlue.Invalid.Browse.Parameter.Information.Disclosure,https://www.fortiguard.com/encyclopedia/ips/29096
Epic.Games.Unreal.Engine.Logging.Function.DoS,https://www.fortiguard.com/encyclopedia/ips/28970
Mozilla.Firefox.Large.GIF.File.Background.DoS,https://www.fortiguard.com/encyclopedia/ips/29046
Opera.Browser.Address.Bar.URI.Spoofing,https://www.fortiguard.com/encyclopedia/ips/28990
SIP.Invite.Spoofing,https://www.fortiguard.com/encyclopedia/ips/28925
SIP.Thomson.SpeedTouch.2030.Remote.DoS,https://www.fortiguard.com/encyclopedia/ips/28927
SIP.WengoPhone.Soft.Phone.Malformed.Packet.DoS,https://www.fortiguard.com/encyclopedia/ips/28945
Mozilla.Firefox.About.Blank.Spoof,https://www.fortiguard.com/encyclopedia/ips/28905
NetProxy.Security.Restriction.Bypass,https://www.fortiguard.com/encyclopedia/ips/28941
TYPSoft.FTP.Server.APPE.and.DELE.Commands.DoS,https://www.fortiguard.com/encyclopedia/ips/28916
Chilkat.Crypt.ActiveX.SaveDecrypted.Insecure.Method.Access,https://www.fortiguard.com/encyclopedia/ips/28830
Sybase.Adaptive.Server.Format.String,https://www.fortiguard.com/encyclopedia/ips/28834
Sybase.Advantage.Server.ADS.Process.Off.By.One.Buffer.Overflow,https://www.fortiguard.com/encyclopedia/ips/28832
HTTP.Request.Format.String,https://www.fortiguard.com/encyclopedia/ips/28750
FTP.Command.Directory.Traversal,https://www.fortiguard.com/encyclopedia/ips/28157
HyperStop.WebHost.Directory.Database.Disclosure,https://www.fortiguard.com/encyclopedia/ips/27589
MS.Communicator.SIP.Invite.Message.Remote.DoS,https://www.fortiguard.com/encyclopedia/ips/27445
FTP.MKD.Command.Directory.Traversal,https://www.fortiguard.com/encyclopedia/ips/27019
Foxit.Reader.Malformed.PDF.File.DoS,https://www.fortiguard.com/encyclopedia/ips/28555
Numark.CUE.5.m3u.File.Buffer.Overflow,https://www.fortiguard.com/encyclopedia/ips/27465
MS.Outlook.Web.Access.Redir.ASP.URI.Redirection,https://www.fortiguard.com/encyclopedia/ips/27594
UltraPlayer.Malformed.usk.Playlist.File.Buffer.Overflow,https://www.fortiguard.com/encyclopedia/ips/27303
NaviCOPA.Source.Code.Information.Disclosure,https://www.fortiguard.com/encyclopedia/ips/27560
Cherokee.Web.Server.Malformed.Packet.DoS,https://www.fortiguard.com/encyclopedia/ips/27127
AOL.Picture.Editor.YGPPicEdit.ActiveX.Control.Buffer.Overflow,https://www.fortiguard.com/encyclopedia/ips/27599
BitComent.URI.Handling.Remote.DoS,https://www.fortiguard.com/encyclopedia/ips/27335
Firefly.Media.Server.Multiple.Null.Pointer.Dereference,https://www.fortiguard.com/encyclopedia/ips/27612
Firefly.Media.Server.Webserver.Format.String,https://www.fortiguard.com/encyclopedia/ips/27613
Nokia.Web.Browser.S60.Infinite.Array.Sort.DoS,https://www.fortiguard.com/encyclopedia/ips/27591
NoticeWare.Email.Server.NG.PASS.Command.Remote.DoS,https://www.fortiguard.com/encyclopedia/ips/27595
Skype.Toolbar.Extension.Clipboard.Security.Weakness,https://www.fortiguard.com/encyclopedia/ips/27592
COMTREND.Routers.Information.Disclosure,https://www.fortiguard.com/encyclopedia/ips/27428
MS.DebugDiag.CrashHangExt.dll.ActiveX.Control.Remote.DoS,https://www.fortiguard.com/encyclopedia/ips/27448
MediaMonkey.URI.Handling.pcast.DoS,https://www.fortiguard.com/encyclopedia/ips/27358
Psi.Malformed.Packet.Remote.DoS,https://www.fortiguard.com/encyclopedia/ips/27462
Python.Pylocale.Strxfrm.Remote.Information.Leak,https://www.fortiguard.com/encyclopedia/ips/27381
Siemens.Multiple.Gigaset.VoIP.Phones.SIP.Remote.DoS,https://www.fortiguard.com/encyclopedia/ips/27467
SonicWall.Content.Filtering.Universal.Script.Injection,https://www.fortiguard.com/encyclopedia/ips/27437
A-Link.WL54AP3.And.WL54AP2.goform.CSRF,https://www.fortiguard.com/encyclopedia/ips/27400
AWStats.awstats.PL.URL.Handling.XSS,https://www.fortiguard.com/encyclopedia/ips/27331
Apache.Tomcat.Non.HTTP.Request.DoS,https://www.fortiguard.com/encyclopedia/ips/27316
Facebook.Newsroom.Application.Remote.File.Inclusion,https://www.fortiguard.com/encyclopedia/ips/27338
Google.Chrome.Escape.CC.Remote.DoS,https://www.fortiguard.com/encyclopedia/ips/27354
Google.Chrome.Malformed.View.Source.Header.DoS,https://www.fortiguard.com/encyclopedia/ips/27353
Google.Chrome.Pop.Up.Address.Bar.URI.Spoofing,https://www.fortiguard.com/encyclopedia/ips/27421
HydraIRC.Irc.URI.Remote.DoS,https://www.fortiguard.com/encyclopedia/ips/27355
SolarWinds.TFTP.Server.Option.Acknowledgement.Request.DoS,https://www.fortiguard.com/encyclopedia/ips/27413
Telnet-Ftp.Server.Remote.DoS,https://www.fortiguard.com/encyclopedia/ips/27301
WebMod.Scripts.Source.Code.Disclosure,https://www.fortiguard.com/encyclopedia/ips/27226
Black.Ice.Barcode.SDK.Multiple.Vulnerabilities,https://www.fortiguard.com/encyclopedia/ips/27233
MS.IE.XDR.Prototype.Hijacking.DoS,https://www.fortiguard.com/encyclopedia/ips/27204
MS.Zune.Arbitrary.File.Overwrite,https://www.fortiguard.com/encyclopedia/ips/27192
Watchfire.Appscan.Insecure.Method,https://www.fortiguard.com/encyclopedia/ips/27202
Cisco.Application.Control.Engine.HTTP.Parsing.Security.Weakness,https://www.fortiguard.com/encyclopedia/ips/27092
Httpdx.PNG.File.DoS,https://www.fortiguard.com/encyclopedia/ips/26838
eyeOS.Information.Disclosure,https://www.fortiguard.com/encyclopedia/ips/27020
Air.Contacts.Lite.HTTP.Packet.DoS,https://www.fortiguard.com/encyclopedia/ips/26979
Media.Player.Classic.AVI.File.DoS,https://www.fortiguard.com/encyclopedia/ips/27031
Alt-N.WebAdmin.Information.Disclosure,https://www.fortiguard.com/encyclopedia/ips/26015
Apple.QuickTime.Pictureviewer.JP2.DoS,https://www.fortiguard.com/encyclopedia/ips/26074
Digium.Asterisk.Recording.Interface.XSS,https://www.fortiguard.com/encyclopedia/ips/26682
HTTP.Referer.Header.XSS,https://www.fortiguard.com/encyclopedia/ips/27227
IBM.BladeCenter.Advanced.Management.Module.Info.Disclosure,https://www.fortiguard.com/encyclopedia/ips/26878
Sun.Java.Web.Server.Jsp.Source.Disclosure,https://www.fortiguard.com/encyclopedia/ips/26580
EffectMatrix.Total.Video.Player.Wav.File.DoS,https://www.fortiguard.com/encyclopedia/ips/26802
Navicopa.Web.Server.Source.Information.Disclosure,https://www.fortiguard.com/encyclopedia/ips/27171
Apple.Safari.Background.Attribute.DoS,https://www.fortiguard.com/encyclopedia/ips/26840
Orb.Networks.MP3.File.DoS,https://www.fortiguard.com/encyclopedia/ips/26837
Wiki.Web.Help.SQL.Injection,https://www.fortiguard.com/encyclopedia/ips/26699
Agile.Joomla.Components.Parameter.Local.File.Inclusion,https://www.fortiguard.com/encyclopedia/ips/26762
Check.Point.Multiple.Products.Information.Disclosure,https://www.fortiguard.com/encyclopedia/ips/26947
IBM.BladeCenter.Advanced.Management.Module.CSRF,https://www.fortiguard.com/encyclopedia/ips/26858
Mozilla.Firefox.view-source.Scheme.Information.Disclosure,https://www.fortiguard.com/encyclopedia/ips/26883
Adersoft.VbsEdit.VBS.File.DoS,https://www.fortiguard.com/encyclopedia/ips/26338
QuickShare.Directory.Traversal,https://www.fortiguard.com/encyclopedia/ips/26270
Techland.Chrome.Engine.4.DoS,https://www.fortiguard.com/encyclopedia/ips/26608
Mozilla.Firefox.Address.Bar.Spoofing,https://www.fortiguard.com/encyclopedia/ips/26783
OpenOffice.CSV.File.DoS,https://www.fortiguard.com/encyclopedia/ips/26766
Power.Audio.Editor.CDA.Remote.DoS,https://www.fortiguard.com/encyclopedia/ips/26025
Sun.Java.Applet2ClassLoader.Code.Execution,https://www.fortiguard.com/encyclopedia/ips/26276
MS.IE.Popup.Window.Address.Bar.Spoofing,https://www.fortiguard.com/encyclopedia/ips/26062
Wireshark.CLDAP.Dissector.DoS,https://www.fortiguard.com/encyclopedia/ips/26047
Apache.Tomcat.Servlet.Path.Disclosure,https://www.fortiguard.com/encyclopedia/ips/26475
MS.Exchange.OWA.Cross.Site.Forgery,https://www.fortiguard.com/encyclopedia/ips/26375
Comodo.Fraudulent.Certificate,https://www.fortiguard.com/encyclopedia/ips/26317
JS.LOIC.DoS,https://www.fortiguard.com/encyclopedia/ips/26031
SMTP.Login.Brute.Force,https://www.fortiguard.com/encyclopedia/ips/24827
Apache.Tomcat.Web.Application.Manager.Default.Account,https://www.fortiguard.com/encyclopedia/ips/17220
Oracle.Java.docBase.Parameter.Overflow,https://www.fortiguard.com/encyclopedia/ips/24654
MS.IE.Event.Handler.Cross.Domain.Information.Disclosure,https://www.fortiguard.com/encyclopedia/ips/24042
TCP.With.FIN.Flag.Only,https://www.fortiguard.com/encyclopedia/ips/23753
Titan.FTP.XCRC.Directory.Traversal.Information.Disclosure,https://www.fortiguard.com/encyclopedia/ips/23447
GNU.Mailman.Scrubber.UTF-8.Filename.DoS,https://www.fortiguard.com/encyclopedia/ips/23135
SolarWinds.TFTP.Server.Malicious.Read.Request.DoS,https://www.fortiguard.com/encyclopedia/ips/23259
MS.IE.Sysmon.DoS,https://www.fortiguard.com/encyclopedia/ips/23258
Asterisk.Skinny.Channel.Driver.Remote.DoS,https://www.fortiguard.com/encyclopedia/ips/23080
Nokia.N95.Jpeg.File.Crash,https://www.fortiguard.com/encyclopedia/ips/23092
Oracle.Login.Brute.Force,https://www.fortiguard.com/encyclopedia/ips/21050
HTTP.Authentication.Brute.Force,https://www.fortiguard.com/encyclopedia/ips/20949
MS.IIS.UNC.Mapped.Virtual.Host.Information.Disclosure,https://www.fortiguard.com/encyclopedia/ips/17908
Mozilla.Firefox.designMode.Null.Pointer.Dereference.DoS,https://www.fortiguard.com/encyclopedia/ips/20061
Apache.mod_perl.Status.XSS,https://www.fortiguard.com/encyclopedia/ips/17366
FTP.Command.STOR.Rhosts,https://www.fortiguard.com/encyclopedia/ips/18158
MS.SMB.Server.Privilege.Elevation,https://www.fortiguard.com/encyclopedia/ips/18204
HTTP.Request.Referer.Overly.Long,https://www.fortiguard.com/encyclopedia/ips/17556
Adobe.Trust.Manager.Restrictions.Bypass,https://www.fortiguard.com/encyclopedia/ips/17826
Cisco.WebEx.Player.atas32.DLL.DoS,https://www.fortiguard.com/encyclopedia/ips/17757
Cisco.WebEx.Player.atrpui.DoS,https://www.fortiguard.com/encyclopedia/ips/17751
MS.IE.Keystroke.Events.Handling.Arbitrary.File.Upload,https://www.fortiguard.com/encyclopedia/ips/13917
Apache.Tomcat.Jsecurity.Check.Information.Disclosure,https://www.fortiguard.com/encyclopedia/ips/17481
MS.Windows.TCP.Window.Size.Zero.DoS,https://www.fortiguard.com/encyclopedia/ips/17714
Snort.TCP.SACK.Option.DoS,https://www.fortiguard.com/encyclopedia/ips/17562
HTML.Hidden.Iframe,https://www.fortiguard.com/encyclopedia/ips/17537
TYPO3.BodyTag.URI.XSS,https://www.fortiguard.com/encyclopedia/ips/17296
Apache.Tomcat.Administration.Tool.Default.Account,https://www.fortiguard.com/encyclopedia/ips/17221
Titan.FTP.Server.Site.Who.DoS,https://www.fortiguard.com/encyclopedia/ips/17213
GuildFTPd.Heap.Corruption,https://www.fortiguard.com/encyclopedia/ips/17112
VictoryFTP.LIST.DoS,https://www.fortiguard.com/encyclopedia/ips/17111
Avahi.UDP.Source.Port.Zero.DoS,https://www.fortiguard.com/encyclopedia/ips/16894
Dxmsoft.XM.Easy.Personal.FTP.Server.NSLT.DoS,https://www.fortiguard.com/encyclopedia/ips/15979
Cisco.IOS.Get.Request.DoS,https://www.fortiguard.com/encyclopedia/ips/15978
MS.IE.Topmost.Document.Return.Information.Disclosure,https://www.fortiguard.com/encyclopedia/ips/15938
Sina.DLoader.DownloadAndInstall.Method.ActiveX.Access,https://www.fortiguard.com/encyclopedia/ips/15855
UUSee.UUUpgrade.Update.Method.ActiveX.Control.Access,https://www.fortiguard.com/encyclopedia/ips/15854
MS.Windows.Media.Encoder.WMEX.DLL.Buffer.Overflow,https://www.fortiguard.com/encyclopedia/ips/15822
IBM.Lotus.Domino.Web.Access.Message.Handling.DoS,https://www.fortiguard.com/encyclopedia/ips/14806
HTTP.Multiple.Connection.Headers.DoS,https://www.fortiguard.com/encyclopedia/ips/15687
ASUS.Remote.Console.Dpcproxy.Buffer.Overflow,https://www.fortiguard.com/encyclopedia/ips/15651
Apple.QuickTime.chan.Atom.Parsing.Heap.Corruption,https://www.fortiguard.com/encyclopedia/ips/15520
RealNetworks.RealPlayer.rmoc3260.ActiveX.Code.Execution,https://www.fortiguard.com/encyclopedia/ips/15509
MS.IE.Mhtmlfile.Object.DoS,https://www.fortiguard.com/encyclopedia/ips/15453
MS.IIS.Web.Server.Folder.Traversal.Evasion,https://www.fortiguard.com/encyclopedia/ips/15152
NetCat.Exec.Mode.Client.Request.Buffer.Overflow,https://www.fortiguard.com/encyclopedia/ips/15019
MS.ISA.Server.Socks4.Proxy.Connection.Information.Disclosure,https://www.fortiguard.com/encyclopedia/ips/14998
Flip.Previewtheme.PHP.File.Inclusion,https://www.fortiguard.com/encyclopedia/ips/14946
FrontAccounting.Config.PHP.File.Inclusion,https://www.fortiguard.com/encyclopedia/ips/14947
NcasterCMS.Archive.PHP.File.Inclusion,https://www.fortiguard.com/encyclopedia/ips/14950
PHPNews.Change_Action.PHP.File.Inclusion,https://www.fortiguard.com/encyclopedia/ips/14955
Php.Blue.Dragon.Activecontent.PHP.File.Inclusion,https://www.fortiguard.com/encyclopedia/ips/14953
Novell.Netware.Client.Print.Stack.Buffer.Overflow,https://www.fortiguard.com/encyclopedia/ips/14941
MS.IE.Position.Relative.DoS,https://www.fortiguard.com/encyclopedia/ips/14880
Dagger.Cal.Func.PHP.File.Inclusion,https://www.fortiguard.com/encyclopedia/ips/14854
PhpConcept.Library.Parameter.g_pcltar_lib_dir.File.Inclusion,https://www.fortiguard.com/encyclopedia/ips/14856
MS.IE.COM.Object.Color.Property.DoS,https://www.fortiguard.com/encyclopedia/ips/14836
Nessus.Vulnerability.Scanner.ActiveX.Control.File.Deletion,https://www.fortiguard.com/encyclopedia/ips/14829
VMware.IntraProcessLogging.dll.File.Overwrite,https://www.fortiguard.com/encyclopedia/ips/14831
Data.Dynamics.ActiveReports.ActiveX.Control.SaveLayout.Access,https://www.fortiguard.com/encyclopedia/ips/14817
Trojan.Storm.Worm.HTTP.DoS,https://www.fortiguard.com/encyclopedia/ips/14809
CA.AV.Engine.CAB.Header.Parsing.Buffer.Overflow,https://www.fortiguard.com/encyclopedia/ips/14757
WANewsletter.Waroot.Parameter.File.Inclusion,https://www.fortiguard.com/encyclopedia/ips/14744
Xoops.Horoscope.Module.Footer.PHP.File.Inclusion,https://www.fortiguard.com/encyclopedia/ips/14742
Xoops.Multiple.Modules.SpawControl.Class.PHP.File.Inclusion,https://www.fortiguard.com/encyclopedia/ips/14734
phphtml.PHP.File.Inclusion,https://www.fortiguard.com/encyclopedia/ips/14737
MS.DirectX.DirectPlay.DoS,https://www.fortiguard.com/encyclopedia/ips/14685
MS.IE.Speech.Engine.ActiveX.Buffer.Overflow,https://www.fortiguard.com/encyclopedia/ips/14628
Yahoo.Messenger.Webcam.Upload.Viewer.ActiveX.Buffer.Overflow,https://www.fortiguard.com/encyclopedia/ips/14614
MS.IE.DHTML.Method.Heap.Memory.Corruption,https://www.fortiguard.com/encyclopedia/ips/14601
TCExam.SessionUserLang.Remote.PHP.Code.Execution,https://www.fortiguard.com/encyclopedia/ips/14552
Zomplog.Remote.File.Disclosure,https://www.fortiguard.com/encyclopedia/ips/14549
Drake.CMS.UI.DTA.PHP.XSS,https://www.fortiguard.com/encyclopedia/ips/14496
PHP.download2.php.FN1.Parameter.Directory.Traversal,https://www.fortiguard.com/encyclopedia/ips/14486
A1stats.A1disp.Disclosure,https://www.fortiguard.com/encyclopedia/ips/14420
VBE.Document.Property.Buffer.Overflow,https://www.fortiguard.com/encyclopedia/ips/14449
HTTP.Request.Directory.Traversal,https://www.fortiguard.com/encyclopedia/ips/14437
HTTP.Invalid.Content.Length.DoS,https://www.fortiguard.com/encyclopedia/ips/14421
Grandstream.BudgeTone.SIP.DoS,https://www.fortiguard.com/encyclopedia/ips/14402
Open.Educational.System.Remote.File.Inclusion,https://www.fortiguard.com/encyclopedia/ips/14405
PostGuestbook.Header.PHP.Remote.File.Inclusion,https://www.fortiguard.com/encyclopedia/ips/14406
Formbankserver.Abfrage.Remote.File.Disclosure,https://www.fortiguard.com/encyclopedia/ips/14395
AA.bot.Botlist.File.Access,https://www.fortiguard.com/encyclopedia/ips/14384
HTTP.Critical.File.Download,https://www.fortiguard.com/encyclopedia/ips/14389
SoftiaCom.WMailserver.Buffer.Overflow,https://www.fortiguard.com/encyclopedia/ips/14377
WinGate.Redirector.Service.Overflow.DoS,https://www.fortiguard.com/encyclopedia/ips/14029
IrayoBlog.Irayofuncs.PHP.Remote.File.Inclusion,https://www.fortiguard.com/encyclopedia/ips/14374
Macromedia.Shockwave.SWDIR.DLL.ActiveX.DoS,https://www.fortiguard.com/encyclopedia/ips/14360
Tcpdump.ISIS.Decoding.Routines.DoS,https://www.fortiguard.com/encyclopedia/ips/14353
Tcpdump.RSVP.Decoding.Routines.DoS,https://www.fortiguard.com/encyclopedia/ips/14355
ACal.Arbitrary.Command.Execution,https://www.fortiguard.com/encyclopedia/ips/14343
Owl.Intranet.Engine.Remote.File.Inclusion,https://www.fortiguard.com/encyclopedia/ips/14336
PAFileDB.Constants.PHP.Remote.File.Inclusion,https://www.fortiguard.com/encyclopedia/ips/14338
PBLang.BBS.Remote.Code.Injection,https://www.fortiguard.com/encyclopedia/ips/14339
PBLang.Lang.NL.PHP.Remote.File.Inclusion,https://www.fortiguard.com/encyclopedia/ips/14345
Pearl.For.Mambo.Module.Remote.File.Inclusion,https://www.fortiguard.com/encyclopedia/ips/14346
Tcpdump.BGP.Decoding.Routines.DoS,https://www.fortiguard.com/encyclopedia/ips/14344
Osprey.GetRecord.PHP.Remote.File.Inclusion,https://www.fortiguard.com/encyclopedia/ips/14332
Ovidentia.Remote.File.Inclusion,https://www.fortiguard.com/encyclopedia/ips/14334
osCommerce.Arbitrary.File.Disclosure,https://www.fortiguard.com/encyclopedia/ips/14330
Orinoco.Residential.Gateway.SNMP.Community.String.Disclosure,https://www.fortiguard.com/encyclopedia/ips/14326
Opera.Nested.Marquee.DoS,https://www.fortiguard.com/encyclopedia/ips/14310
CGI.Sourcecode.Viewing,https://www.fortiguard.com/encyclopedia/ips/14301
KDE.LibkHTML.NodeType.DoS,https://www.fortiguard.com/encyclopedia/ips/14294
MS.IE.File.URL.Drive.Letter.DoS,https://www.fortiguard.com/encyclopedia/ips/14296
MS.Windows.Update.Spoofing,https://www.fortiguard.com/encyclopedia/ips/14291
SSH.Client.Request.Mimicking,https://www.fortiguard.com/encyclopedia/ips/14292
SunKill.Telnet.Daemon.DoS,https://www.fortiguard.com/encyclopedia/ips/14300
Sunfire.Type.of.Service.Attack,https://www.fortiguard.com/encyclopedia/ips/14299
DBGuestBook.DBS.Base.Path.Remote.File.Inclusion,https://www.fortiguard.com/encyclopedia/ips/14279
FCRing.FCRing.PHP.Remote.File.Inclusion,https://www.fortiguard.com/encyclopedia/ips/14284
Firefox.OnUnload.Memory.Corruption,https://www.fortiguard.com/encyclopedia/ips/14280
MS.IE.Mshtml.Dll.Null.Pointer.DoS,https://www.fortiguard.com/encyclopedia/ips/14277
SNMP.XSS.Attempt,https://www.fortiguard.com/encyclopedia/ips/14271
Cisco.SNMPv3.DoS,https://www.fortiguard.com/encyclopedia/ips/14267
MS.IE.J2SE.Applet.Exception.DoS,https://www.fortiguard.com/encyclopedia/ips/14261
NuStore.Products.ASP.SQL.Injection,https://www.fortiguard.com/encyclopedia/ips/14260
OCE.Printer.DoS,https://www.fortiguard.com/encyclopedia/ips/14262
Open.Conference.Systems.Fullpath.Remote.File.Inclusion,https://www.fortiguard.com/encyclopedia/ips/14265
OpenDock.Doc.Directory.Remote.File.Inclusion,https://www.fortiguard.com/encyclopedia/ips/14266
OpenEMR.Srcdir.Remote.File.Inclusion,https://www.fortiguard.com/encyclopedia/ips/14269
MS.IE.Malformed.HTML.File.DoS,https://www.fortiguard.com/encyclopedia/ips/14250
MS.Nslookup.Response.DoS,https://www.fortiguard.com/encyclopedia/ips/14249
Nokia.SGSN.SNMP.Information.Disclosure,https://www.fortiguard.com/encyclopedia/ips/14247
NuRealestate.Propertysdetails.ASP.SQL.Injection,https://www.fortiguard.com/encyclopedia/ips/14251
HTTP.Malicious.Request.Double.Slash,https://www.fortiguard.com/encyclopedia/ips/14228
IMAP.LIST.Command.Format.String,https://www.fortiguard.com/encyclopedia/ips/14154
Jakarta.Tomcat.MS.DOS.Device.Name.Request.DoS,https://www.fortiguard.com/encyclopedia/ips/14158
MS.IE.Mshtml.Dll.HTML.Parsing.DoS,https://www.fortiguard.com/encyclopedia/ips/14209
MS.IE.Position.CSS.DoS,https://www.fortiguard.com/encyclopedia/ips/14208
Tiny.Web.Gallery.Index.PHP.XSS,https://www.fortiguard.com/encyclopedia/ips/14160
WebSPELL.Database.PHP.Authentication.Bypass,https://www.fortiguard.com/encyclopedia/ips/14056
NOCC.Webmail.Local.File.Inclusion,https://www.fortiguard.com/encyclopedia/ips/14186
Nivisec.PHP.Root.Path.Remote.File.Inclusion,https://www.fortiguard.com/encyclopedia/ips/14181
Noahs.Classifieds.Remote.File.Inclusion,https://www.fortiguard.com/encyclopedia/ips/14184
NETGEAR.FVS318.EXE.Filter.Bypass,https://www.fortiguard.com/encyclopedia/ips/14164
NETGEAR.FVS318.Filter.Log.XSS,https://www.fortiguard.com/encyclopedia/ips/14168
Neteyes.NexusWay.Remote.Command.Execution,https://www.fortiguard.com/encyclopedia/ips/14172
NewsPortal.Poll.PHP.Remote.File.Inclusion,https://www.fortiguard.com/encyclopedia/ips/14171
PHPNetToolpack.Remote.Command.Execution,https://www.fortiguard.com/encyclopedia/ips/14169
UDP.Packet.From.localhost,https://www.fortiguard.com/encyclopedia/ips/14151
ISC.BIND.Version.Query,https://www.fortiguard.com/encyclopedia/ips/14121
NES.System.Remote.File.Inclusion,https://www.fortiguard.com/encyclopedia/ips/14124
TFTP.config.img.Download,https://www.fortiguard.com/encyclopedia/ips/14129
MS.Windows.XP.ISAKMP.Port.DoS,https://www.fortiguard.com/encyclopedia/ips/14016
Multiple.Vendor.WEB.INF.Directory.Contents.Disclosure,https://www.fortiguard.com/encyclopedia/ips/14061
MyNewsGroups.Layersmenu.INC.PHP.Remote.File.Inclusion,https://www.fortiguard.com/encyclopedia/ips/14112
MyPHP.CMS.Global.header.PHP.Remote.File.Inclusion,https://www.fortiguard.com/encyclopedia/ips/14113
Nokia.Electronic.Documentation.Directory.Disclosure,https://www.fortiguard.com/encyclopedia/ips/14116
Nokia.Electronic.Documentation.Open.Proxy,https://www.fortiguard.com/encyclopedia/ips/14117
Nokia.Electronic.Documentation.XSS,https://www.fortiguard.com/encyclopedia/ips/14118
Perception.LiteServe.Directory.Index.XSS,https://www.fortiguard.com/encyclopedia/ips/14108
Vignette.Application.Portal.Remote.Information.Disclosure,https://www.fortiguard.com/encyclopedia/ips/14099
WAgora.Site.Parameter.Directory.Traversal,https://www.fortiguard.com/encyclopedia/ips/14071
DHCP.Discover.Flood,https://www.fortiguard.com/encyclopedia/ips/14082
Datalook.Local.DoS,https://www.fortiguard.com/encyclopedia/ips/14043
GTChat.Chat.pl.Directory.Traversal,https://www.fortiguard.com/encyclopedia/ips/14069
GTChat.Chat.pl.URI.DoS,https://www.fortiguard.com/encyclopedia/ips/14068
GlobalSunTech.Access.Point.Information.Disclosure,https://www.fortiguard.com/encyclopedia/ips/14057
MX.Smartor.Album.PHP.Remote.File.Inclusion,https://www.fortiguard.com/encyclopedia/ips/14076
MXBB.Mx.Tinies.Module.Root.Path.Remote.File.Inclusion,https://www.fortiguard.com/encyclopedia/ips/14073
MyBulletinBoard.Usercp.PHP.Authentication.Bypass,https://www.fortiguard.com/encyclopedia/ips/14079
AOL.Messenger.Buddy.Icon.DoS,https://www.fortiguard.com/encyclopedia/ips/14014
Command.Line.Executer.Code.Execution,https://www.fortiguard.com/encyclopedia/ips/14047
Graphiks.GrapAgenda.Index.php.File.Inclusion,https://www.fortiguard.com/encyclopedia/ips/14041
HTTP.Malformed.Request.DoS,https://www.fortiguard.com/encyclopedia/ips/14035
MPCS.Path.Parameter.Remote.File.Inclusion,https://www.fortiguard.com/encyclopedia/ips/14022
MRTG.CFG.Parameter.File.Disclosure,https://www.fortiguard.com/encyclopedia/ips/14024
MS.IE.Frame.Src.DoS,https://www.fortiguard.com/encyclopedia/ips/14044
MTCMS.Admin.Settings.PHP.Remote.File.Inclusion,https://www.fortiguard.com/encyclopedia/ips/14048
Mbedthis.AppWeb.HTTP.Server.Empty.Options.Request.DoS,https://www.fortiguard.com/encyclopedia/ips/14011
MobilePublisherPHP.Header.PHP.Remote.File.Inclusion,https://www.fortiguard.com/encyclopedia/ips/14019
Modernbill.Config.PHP.Remote.File.Inclusion,https://www.fortiguard.com/encyclopedia/ips/14020
Motorola.SB4200.DoS,https://www.fortiguard.com/encyclopedia/ips/14021
FX.Scanner.ICMP.Scan,https://www.fortiguard.com/encyclopedia/ips/14001
FireWall1.FWA1.Authentication.Weakness,https://www.fortiguard.com/encyclopedia/ips/13998
GNU.SNMP.RADIUS.DoS,https://www.fortiguard.com/encyclopedia/ips/13993
HTTP.UserAgent.HTML.Injection,https://www.fortiguard.com/encyclopedia/ips/14006
Mini.Web.Shop.Viewcategory.PHP.XSS,https://www.fortiguard.com/encyclopedia/ips/14000
Minis.Month.Directory.Traversal,https://www.fortiguard.com/encyclopedia/ips/13999
RealPlayer.SWF.Parsing.Heap.Overflow,https://www.fortiguard.com/encyclopedia/ips/13995
Songbird.Media.Player.DoS,https://www.fortiguard.com/encyclopedia/ips/14003
Citrix.Published.Application.Scanner,https://www.fortiguard.com/encyclopedia/ips/13974
Fusebox.Index.CFM.XSS,https://www.fortiguard.com/encyclopedia/ips/13982
KAME.Racoon.Malformed.Cookie.Crash,https://www.fortiguard.com/encyclopedia/ips/13992
KAME.Racoon.Malformed.ISAKMP.Packet.Header.DoS,https://www.fortiguard.com/encyclopedia/ips/13990
Limbo.CMS.Index.PHP.SQL.Injection,https://www.fortiguard.com/encyclopedia/ips/13885
MF.Piadas.Admin.PHP.Remote.File.Inclusion,https://www.fortiguard.com/encyclopedia/ips/13985
MidiCart.ASP.Search.List.ASP.SQL.Injection,https://www.fortiguard.com/encyclopedia/ips/13986
MiniBB.Absolute.path.Remote.FileInclusion,https://www.fortiguard.com/encyclopedia/ips/13989
MiniNuke.CMS.Pages.ASP.SQL.Injection,https://www.fortiguard.com/encyclopedia/ips/13991
Nivisec.Admin.Topic.Action.Logging.Remote.File.Inclusion,https://www.fortiguard.com/encyclopedia/ips/13988
X.Org.XRender.Extension.Buffer.Overflow,https://www.fortiguard.com/encyclopedia/ips/13841
CitadelUX.Username.Buffer.Overflow,https://www.fortiguard.com/encyclopedia/ips/13962
FPROT.Antivirus.ACE.DoS,https://www.fortiguard.com/encyclopedia/ips/13957
Home.FTP.Server.Directory.Traversal,https://www.fortiguard.com/encyclopedia/ips/13973
MDWeb.Chemin.appli.Remote.File.Inclusion,https://www.fortiguard.com/encyclopedia/ips/13966
ME.Download.System.Header.PHP.Remote.File.Inclusion,https://www.fortiguard.com/encyclopedia/ips/13967
Man2web.Remote.Command.Execution,https://www.fortiguard.com/encyclopedia/ips/13963
MetaLinks.MetaCart2.IntCatalogID.SQL.Injection,https://www.fortiguard.com/encyclopedia/ips/13971
Foing.Module.phpBB.phpbb_root_path.File.Inclusion,https://www.fortiguard.com/encyclopedia/ips/13948
Pigeon.Server.DoS,https://www.fortiguard.com/encyclopedia/ips/13947
Web.Scanner.HTML.Injection,https://www.fortiguard.com/encyclopedia/ips/13812
Cisco.ONS.ICMP.DoS,https://www.fortiguard.com/encyclopedia/ips/13933
Cisco.ONS.TOS.DoS,https://www.fortiguard.com/encyclopedia/ips/13934
Maluinfo.PHPBB.Root.Path.Remote.File.Inclusion,https://www.fortiguard.com/encyclopedia/ips/13936
Mambo.Joomla.DoS,https://www.fortiguard.com/encyclopedia/ips/13942
Mambo.MosConfig.Absolute.Path.Remote.File.Inclusion,https://www.fortiguard.com/encyclopedia/ips/13937
Mambo.VideoDB.Class.Xml.PHP.Remote.File.Inclusion,https://www.fortiguard.com/encyclopedia/ips/13938
URI.Request.XSS,https://www.fortiguard.com/encyclopedia/ips/13945
Xine.Filename.Handling.Remote.Format.String,https://www.fortiguard.com/encyclopedia/ips/13847
CA.MLink.Command.Line.Buffer.Overflow,https://www.fortiguard.com/encyclopedia/ips/13915
Lotus.Domino.Mail.Loop.DoS,https://www.fortiguard.com/encyclopedia/ips/13919
Loudblog.Backend.settings.PHP.Remote.File.Inclusion,https://www.fortiguard.com/encyclopedia/ips/13921
Lussumo.Vanilla.RootDirectory.Remote.File.Inclusion,https://www.fortiguard.com/encyclopedia/ips/13924
Rockliffe.MailSite.HTTP.Mail.Management.Agent.DoS,https://www.fortiguard.com/encyclopedia/ips/13925
Rockliffe.MailSite.HTTP.Mail.Management.XSS,https://www.fortiguard.com/encyclopedia/ips/13928
Invision.Board.PHPINFO.PHP.Information.Disclosure,https://www.fortiguard.com/encyclopedia/ips/13900
Linksys.WRT54G.Router.Blank.HTTP.GET.DoS,https://www.fortiguard.com/encyclopedia/ips/13906
Linksys.Web.Camera.Next.File.Disclosure,https://www.fortiguard.com/encyclopedia/ips/13907
LiteSpeed.ConfMgr.PHP.M.XSS,https://www.fortiguard.com/encyclopedia/ips/13908
Logics.Software.LOG-FT.File.Disclosure,https://www.fortiguard.com/encyclopedia/ips/13910
Loopback.Ping,https://www.fortiguard.com/encyclopedia/ips/13911
WMNews.Multiple.Remote.File.Inclusion,https://www.fortiguard.com/encyclopedia/ips/13890
EIQ.Network.Security.Analyzer.DataCollector.DoS,https://www.fortiguard.com/encyclopedia/ips/13879
LibTiff.NULL.DeRef.DoS,https://www.fortiguard.com/encyclopedia/ips/13881
Link.Bank.Site.XSS,https://www.fortiguard.com/encyclopedia/ips/13889
LBlog.Comments.ASP.SQL.Injection,https://www.fortiguard.com/encyclopedia/ips/13853
ActiveCampaign.KnowledgeBuilder.Remote.File.Inclusion,https://www.fortiguard.com/encyclopedia/ips/13838
Joomla!.com_webring.Remote.File.Inclusion,https://www.fortiguard.com/encyclopedia/ips/13825
Knusperleicht.ShoutBox.Remote.File.Inclusion,https://www.fortiguard.com/encyclopedia/ips/13839
Jetbox.CMS.Search.Function.Remote.File.Inclusion,https://www.fortiguard.com/encyclopedia/ips/13821
Jeuce.Personal.Web.Server.DoS,https://www.fortiguard.com/encyclopedia/ips/13822
Photokorn.File.Inclusion,https://www.fortiguard.com/encyclopedia/ips/13814
Apache.Directory.Listing,https://www.fortiguard.com/encyclopedia/ips/13801
Ethereal.Multiple.Protocol.Dissector.DoS,https://www.fortiguard.com/encyclopedia/ips/13805
ISPConfig.Session.INC.PHP.Remote.File.Inclusion,https://www.fortiguard.com/encyclopedia/ips/13802
JAF.CMS.Remote.File.Inclusion,https://www.fortiguard.com/encyclopedia/ips/13807
Jabber.Studio.JabberD.Remote.DoS,https://www.fortiguard.com/encyclopedia/ips/13804
Invisionix.Roaming.System.Remote.File.Inclusion,https://www.fortiguard.com/encyclopedia/ips/13787
Virus.Nimda.Request.URL,https://www.fortiguard.com/encyclopedia/ips/13747
Ventrilo.Status.Requests.DoS,https://www.fortiguard.com/encyclopedia/ips/13740
Asterisk.Voicemail.Unauthorized.Access,https://www.fortiguard.com/encyclopedia/ips/13726
MS.IE.SpreadSheet.Object.Popup.Blocker.Bypass,https://www.fortiguard.com/encyclopedia/ips/13728
MS.IE.Statusbar.Spoofing,https://www.fortiguard.com/encyclopedia/ips/13729
MS.InternetExplorer.ContentEncoding.BufferOverflow,https://www.fortiguard.com/encyclopedia/ips/13708
Webmin.And.Usermin.Information.Disclosure,https://www.fortiguard.com/encyclopedia/ips/13705
MS.IE.Popup.show.Mouse.Event.Hijacking,https://www.fortiguard.com/encyclopedia/ips/13694
MS.Windows.NAT.Helper.DNS.Query.DoS,https://www.fortiguard.com/encyclopedia/ips/13663
ssh1_traffic,https://www.fortiguard.com/encyclopedia/ips/13549
ssh1_traffic,https://www.fortiguard.com/encyclopedia/ips/115408897
NBSS.Invalid.Fragment,https://www.fortiguard.com/encyclopedia/ips/13542
NBSS.Invalid.Fragment,https://www.fortiguard.com/encyclopedia/ips/110034945
NBSS.Zero.Sized.PDU,https://www.fortiguard.com/encyclopedia/ips/110034946
NBSS.Zero.Sized.PDU,https://www.fortiguard.com/encyclopedia/ips/13543
3Com.Network.Supervisor.Directory.Traversal,https://www.fortiguard.com/encyclopedia/ips/13383
Mozilla.Thunderbird.IFRAME.JavaScript.Execution,https://www.fortiguard.com/encyclopedia/ips/13460
Sophos.Anti-Virus.CAB.File.Invalid.Folder.Count.Heap.Overflow,https://www.fortiguard.com/encyclopedia/ips/13496
Exim.Verification.Header.Buffer.Overflow,https://www.fortiguard.com/encyclopedia/ips/13335
LibTiff.TIFFFetchData.Integer.Overflow,https://www.fortiguard.com/encyclopedia/ips/13346
MS.IE.HTTPS.ProxyAuthentication.Basic,https://www.fortiguard.com/encyclopedia/ips/13366
MS.Word.And.Outlook.Object.Tag.Security.Bypass,https://www.fortiguard.com/encyclopedia/ips/13374
MailEnable.SMTP.HELO.Command.DoS,https://www.fortiguard.com/encyclopedia/ips/13275
MS.ASP.NET.AutoPostBack.XSS,https://www.fortiguard.com/encyclopedia/ips/13233
MS.Exchange.Server.OWA.Script.Injection,https://www.fortiguard.com/encyclopedia/ips/13232
GNU.Mailman.Large.Date.DoS,https://www.fortiguard.com/encyclopedia/ips/13200
Linux.Kernel.ICMP.Packet.Handling.DoS,https://www.fortiguard.com/encyclopedia/ips/13204
2BGal.Disp_album.SQL.Injection,https://www.fortiguard.com/encyclopedia/ips/12608
3COM.OfficeConnect.DoS,https://www.fortiguard.com/encyclopedia/ips/12358
A1stats.A1disp.Directory.Traversal,https://www.fortiguard.com/encyclopedia/ips/12878
AMD.PID.Information.Leak,https://www.fortiguard.com/encyclopedia/ips/12403
AMD.Version.Information.Leak,https://www.fortiguard.com/encyclopedia/ips/12883
AN-HTTPd.Input.BAT,https://www.fortiguard.com/encyclopedia/ips/12421
AN-HTTPd.Input2.BAT,https://www.fortiguard.com/encyclopedia/ips/12354
AN-HTTPd.Test.BAT,https://www.fortiguard.com/encyclopedia/ips/12807
ASP.Chunked.Transfer.Encoding,https://www.fortiguard.com/encyclopedia/ips/12679
ASP.Data.File.Access,https://www.fortiguard.com/encyclopedia/ips/12442
AWStats.Configdir.Remote.Command.Execution,https://www.fortiguard.com/encyclopedia/ips/12499
Ad.CGI.RestrictedResource.Access,https://www.fortiguard.com/encyclopedia/ips/12748
AdCycle.Access,https://www.fortiguard.com/encyclopedia/ips/12196
Adalis.D-Forum.Nav.PHP3.XSS,https://www.fortiguard.com/encyclopedia/ips/12220
Allaire.JRUN.DoS,https://www.fortiguard.com/encyclopedia/ips/12480
Apache.IPv6.Buffer.Overflow,https://www.fortiguard.com/encyclopedia/ips/12644
Apple.FileServer.FPLoginExt.Pathname.Buffer.Overflow,https://www.fortiguard.com/encyclopedia/ips/13023
BBS.Forum.DirectoryTraversal,https://www.fortiguard.com/encyclopedia/ips/13007
Backdoor.Glacier,https://www.fortiguard.com/encyclopedia/ips/12857
Backdoor.cmd_rootsh,https://www.fortiguard.com/encyclopedia/ips/12833
Backslash.Traversal,https://www.fortiguard.com/encyclopedia/ips/12216
Basilix.MySQL.Class.Access,https://www.fortiguard.com/encyclopedia/ips/12159
Basilix.Sendmail.Inc.Access,https://www.fortiguard.com/encyclopedia/ips/12207
BigBrother.Directory.Traversal,https://www.fortiguard.com/encyclopedia/ips/12143
Blahz.DNS.ModifyUser.Authentication.Bypass,https://www.fortiguard.com/encyclopedia/ips/13064
Bomb.Redirect,https://www.fortiguard.com/encyclopedia/ips/12231
CDomainFree.whois_raw.CommandExecution,https://www.fortiguard.com/encyclopedia/ips/12844
CGI.DCShop.File.Disclosure,https://www.fortiguard.com/encyclopedia/ips/12178
CGI.KootenayWeb.Whois.Command.Execution,https://www.fortiguard.com/encyclopedia/ips/12173
CGI.Miva.Htmlscript.Directory.Traversal,https://www.fortiguard.com/encyclopedia/ips/12163
CGI.SIXWebboard.Generate.Directory.Traversal,https://www.fortiguard.com/encyclopedia/ips/12129
Campas.Command.Execution,https://www.fortiguard.com/encyclopedia/ips/12417
Cart32.cart32clientlist.Access,https://www.fortiguard.com/encyclopedia/ips/13113
Cisco.SSH.Overflow,https://www.fortiguard.com/encyclopedia/ips/12406
Claroline.add_course.XSS,https://www.fortiguard.com/encyclopedia/ips/12860
Cmd.Access,https://www.fortiguard.com/encyclopedia/ips/12398
Coldfusion.Forum.Getfile.Access,https://www.fortiguard.com/encyclopedia/ips/12164
Coldfusion.Startstop.DoS,https://www.fortiguard.com/encyclopedia/ips/12179
Communication.Administratively.Prohibited,https://www.fortiguard.com/encyclopedia/ips/12735
Community.Overflow.161,https://www.fortiguard.com/encyclopedia/ips/13109
Counter.Newline.DoS,https://www.fortiguard.com/encyclopedia/ips/12673
Counter.Overflow.DoS,https://www.fortiguard.com/encyclopedia/ips/12516
Cybercop.Query,https://www.fortiguard.com/encyclopedia/ips/12905
DCShop.Orders.txt,https://www.fortiguard.com/encyclopedia/ips/12639
DNS.Invalid.Parameter,https://www.fortiguard.com/encyclopedia/ips/13118
DNS.Invalid.Parameter,https://www.fortiguard.com/encyclopedia/ips/8912909
DNS.Invalid.Pointer,https://www.fortiguard.com/encyclopedia/ips/12966
DNS.Invalid.Pointer,https://www.fortiguard.com/encyclopedia/ips/8912898
DNS.Name.Overflow,https://www.fortiguard.com/encyclopedia/ips/12717
DNS.Name.Overflow,https://www.fortiguard.com/encyclopedia/ips/8912901
DVWSSR.DLL.Access,https://www.fortiguard.com/encyclopedia/ips/12763
Dcd3c.26002,https://www.fortiguard.com/encyclopedia/ips/12810
Dcforum.CommandExecution,https://www.fortiguard.com/encyclopedia/ips/12988
DigitalIsland.Bandwidth.Query,https://www.fortiguard.com/encyclopedia/ips/12683
DirectoryTraversal,https://www.fortiguard.com/encyclopedia/ips/13062
Dokeos.add_course.XSS,https://www.fortiguard.com/encyclopedia/ips/12929
EICAR.AV.Test.File.Download,https://www.fortiguard.com/encyclopedia/ips/12603
EZShopper.Loadpage.CommandExecution,https://www.fortiguard.com/encyclopedia/ips/12479
EchoChargen.UDP.DoS,https://www.fortiguard.com/encyclopedia/ips/12453
Echok,https://www.fortiguard.com/encyclopedia/ips/12311
Enterprise.DoS,https://www.fortiguard.com/encyclopedia/ips/12370
Enterprise.T,https://www.fortiguard.com/encyclopedia/ips/12743
Escape.Executable,https://www.fortiguard.com/encyclopedia/ips/12265
Exampleapp.Application.Email,https://www.fortiguard.com/encyclopedia/ips/12400
F-Secure.PolicyManager.fsmsh.Path.Disclosure,https://www.fortiguard.com/encyclopedia/ips/12508
FTP.ADMhack.Password,https://www.fortiguard.com/encyclopedia/ips/12211
FTP.Illegal.Port,https://www.fortiguard.com/encyclopedia/ips/12387
FTP.Illegal.Port,https://www.fortiguard.com/encyclopedia/ips/109445132
FTP.LIST.Directory.Traversal,https://www.fortiguard.com/encyclopedia/ips/12782
FTP.Protocol.Bounce.Attack,https://www.fortiguard.com/encyclopedia/ips/12654
FTP.Protocol.Bounce.Attack,https://www.fortiguard.com/encyclopedia/ips/109445133
FTP.RETR.2xBSDot,https://www.fortiguard.com/encyclopedia/ips/12903
FTP.Request.Missing.Arg,https://www.fortiguard.com/encyclopedia/ips/13067
Faqmanager.NULL,https://www.fortiguard.com/encyclopedia/ips/12325
File.Disclosure.Attempt,https://www.fortiguard.com/encyclopedia/ips/12185
Fpcount.Access,https://www.fortiguard.com/encyclopedia/ips/13056
Fragment.HTR.Source.Disclosure,https://www.fortiguard.com/encyclopedia/ips/12412
Frontpage.queryhit.htm.Access,https://www.fortiguard.com/encyclopedia/ips/12424
GNU.Mailman.Attachment.Scrubber.UTF8.Filename.DoS,https://www.fortiguard.com/encyclopedia/ips/13180
Gewse,https://www.fortiguard.com/encyclopedia/ips/13089
H.323.Exploit,https://www.fortiguard.com/encyclopedia/ips/13004
HTTP.Null.Session,https://www.fortiguard.com/encyclopedia/ips/107347977
HTTP.Null.Session,https://www.fortiguard.com/encyclopedia/ips/13063
HTTP.Request.Smuggling,https://www.fortiguard.com/encyclopedia/ips/12620
HTTP.Request.Smuggling,https://www.fortiguard.com/encyclopedia/ips/107347979
Hassan.Shop.DirectoryTraversal,https://www.fortiguard.com/encyclopedia/ips/12287
HtDig.htsearch.FileInclusion,https://www.fortiguard.com/encyclopedia/ips/12368
Htgrep.FileDisclosure,https://www.fortiguard.com/encyclopedia/ips/12826
HyperSeek.DirectoryTraversal,https://www.fortiguard.com/encyclopedia/ips/12804
ICMP.Oversized.Packet,https://www.fortiguard.com/encyclopedia/ips/12880
IISsamples.ISSamples.Access,https://www.fortiguard.com/encyclopedia/ips/13116
IMAP.Long.User.Name,https://www.fortiguard.com/encyclopedia/ips/109379592
IMAP.Long.User.Name,https://www.fortiguard.com/encyclopedia/ips/12416
IMAP.Mailbox.Name.Overly.Long,https://www.fortiguard.com/encyclopedia/ips/12881
IMAP.Mailbox.Name.Overly.Long,https://www.fortiguard.com/encyclopedia/ips/109379594
IMAP.Syntax.Error,https://www.fortiguard.com/encyclopedia/ips/12411
IMAP.TAG.Overflow,https://www.fortiguard.com/encyclopedia/ips/109379591
IMAP.TAG.Overflow,https://www.fortiguard.com/encyclopedia/ips/12569
IMAP.Unknown.Command,https://www.fortiguard.com/encyclopedia/ips/109379587
IMAP.Unknown.Command,https://www.fortiguard.com/encyclopedia/ips/12617
IMAP.Unknown.Reply,https://www.fortiguard.com/encyclopedia/ips/12381
IMAP.Unknown.Reply,https://www.fortiguard.com/encyclopedia/ips/109379588
IP.Land,https://www.fortiguard.com/encyclopedia/ips/12588
IRIX.Handler.Command.Execution,https://www.fortiguard.com/encyclopedia/ips/12995
IRIX.webdist.CommandExecution,https://www.fortiguard.com/encyclopedia/ips/13048
InetUtils.TFTP.Client.BufferOverflow.A,https://www.fortiguard.com/encyclopedia/ips/12547
InetUtils.TFTP.Client.BufferOverflow.B,https://www.fortiguard.com/encyclopedia/ips/13000
Invision.Power.Board.SML.XSS,https://www.fortiguard.com/encyclopedia/ips/12855
LDAP.Invalid.Encoding,https://www.fortiguard.com/encyclopedia/ips/13047
LDAP.Invalid.Encoding,https://www.fortiguard.com/encyclopedia/ips/109838342
LSASS.Bind.0090.139,https://www.fortiguard.com/encyclopedia/ips/12646
Lastlines.DirectoryTraversal,https://www.fortiguard.com/encyclopedia/ips/12868
Linux.Rlogin.Information.Disclosure,https://www.fortiguard.com/encyclopedia/ips/12656
List.Usernames.Attempt,https://www.fortiguard.com/encyclopedia/ips/12298
LongSlash,https://www.fortiguard.com/encyclopedia/ips/12240
MS.Cmd.Exe.Access,https://www.fortiguard.com/encyclopedia/ips/12175
MS.Compressed.Folder.Buffer.Overflow,https://www.fortiguard.com/encyclopedia/ips/12967
MS.Exchange.GAL.Disclosure,https://www.fortiguard.com/encyclopedia/ips/12426
MS.FrontPage._vti_inf.html.Access,https://www.fortiguard.com/encyclopedia/ips/12783
MS.IE.DragAndDrop.Content.Disposition,https://www.fortiguard.com/encyclopedia/ips/12589
MS.IE.Dynamic.IFRAME.Security.Warning.Bypass,https://www.fortiguard.com/encyclopedia/ips/12992
MS.IE.File.Download.Ext.Spoof,https://www.fortiguard.com/encyclopedia/ips/12777
MS.IE.Office.MacOS.File.URL.Buffer.Overflow,https://www.fortiguard.com/encyclopedia/ips/13115
MS.IIS.Authentication.Method.Disclosure,https://www.fortiguard.com/encyclopedia/ips/12657
MS.IIS.BAT.CMD.File.Access.Command.Execution,https://www.fortiguard.com/encyclopedia/ips/12415
MS.IIS.Configuration.File.Information.Disclosure,https://www.fortiguard.com/encyclopedia/ips/13079
MS.IIS.Header.Delimiter.Parsing.Buffer.Overflow,https://www.fortiguard.com/encyclopedia/ips/13019
MS.IIS.IISadmpwd.HTR.File.Access.Security.Bypass,https://www.fortiguard.com/encyclopedia/ips/12709
MS.IIS.IndexServer.Disclosure,https://www.fortiguard.com/encyclopedia/ips/12758
MS.ISAPI.W3Who.DLL.Access,https://www.fortiguard.com/encyclopedia/ips/12894
MS.InternetExplorer.GetObject.Disclosure,https://www.fortiguard.com/encyclopedia/ips/12505
MS.Outlook.ViewActiveXControl.Exploit,https://www.fortiguard.com/encyclopedia/ips/12744
MS.PWL.File.Access,https://www.fortiguard.com/encyclopedia/ips/12832
MS.SQL.Auth.Overflow,https://www.fortiguard.com/encyclopedia/ips/109772801
MS.SQL.Auth.Overflow,https://www.fortiguard.com/encyclopedia/ips/12976
MS.SQL.Login.Brute.Force,https://www.fortiguard.com/encyclopedia/ips/12401
MS.SQL.Login.Brute.Force,https://www.fortiguard.com/encyclopedia/ips/109772808
MS.SQL.Server.Empty.Password,https://www.fortiguard.com/encyclopedia/ips/109772807
MS.SQL.Server.Empty.Password,https://www.fortiguard.com/encyclopedia/ips/12137
MS.SQL.Server.XP.Command.Execution,https://www.fortiguard.com/encyclopedia/ips/12209
MS.Windows.Domain.Controller.LDAP.DoS,https://www.fortiguard.com/encyclopedia/ips/12559
MS.Windows.IGMP.Header.Invalid.DoS,https://www.fortiguard.com/encyclopedia/ips/12186
MS.Windows.Media.Player.ActiveX.Insecure.Method.Access,https://www.fortiguard.com/encyclopedia/ips/13111
MS.Windows.NetBIOS.NULL.Name,https://www.fortiguard.com/encyclopedia/ips/12575
MS.Windows.SSL.Library.SSLBomb.DoS,https://www.fortiguard.com/encyclopedia/ips/12926
MS.Windows.WinHlp.Buffer.Overflow,https://www.fortiguard.com/encyclopedia/ips/13020
MacOSX.FBCIndex.Access,https://www.fortiguard.com/encyclopedia/ips/12217
MercuryBoard.PM.title.field.Script.Injection,https://www.fortiguard.com/encyclopedia/ips/12974
Mode.Debug,https://www.fortiguard.com/encyclopedia/ips/13058
NBTStat.Query,https://www.fortiguard.com/encyclopedia/ips/12233
NT.NULL.Session,https://www.fortiguard.com/encyclopedia/ips/13014
Nemesis.V1.1.Echo,https://www.fortiguard.com/encyclopedia/ips/12626
NetCode.NC.Book,https://www.fortiguard.com/encyclopedia/ips/12890
Netscape.EnterpriseServer.PageServices.Access,https://www.fortiguard.com/encyclopedia/ips/12500
NewsPro.Admin,https://www.fortiguard.com/encyclopedia/ips/12385
Newtear,https://www.fortiguard.com/encyclopedia/ips/12970
Nmap.TCP,https://www.fortiguard.com/encyclopedia/ips/13053
Novell.Groupwise.GWWEB.EXE.BufferOverflow,https://www.fortiguard.com/encyclopedia/ips/12218
Nuke.Bookmarks.XSS,https://www.fortiguard.com/encyclopedia/ips/12346
OpenCA.RAServer.Access,https://www.fortiguard.com/encyclopedia/ips/12536
OpenCA.ca.Access,https://www.fortiguard.com/encyclopedia/ips/12345
OpenCA.ldap.Access,https://www.fortiguard.com/encyclopedia/ips/12422
OpenCA.node.Access,https://www.fortiguard.com/encyclopedia/ips/12481
OpenCA.pki.Access,https://www.fortiguard.com/encyclopedia/ips/12731
OpenCA.scepd.Access,https://www.fortiguard.com/encyclopedia/ips/12740
OpenSSH.Challenge.Response.Buffer.Overflow,https://www.fortiguard.com/encyclopedia/ips/12944
OpenSSH.GOBBLES.Attempt.Overflow,https://www.fortiguard.com/encyclopedia/ips/12413
Oracle9i.XDB.FTP.Pass.Overflow,https://www.fortiguard.com/encyclopedia/ips/12130
PHP-Nuke.Your_Account.avatarcategory.XSS,https://www.fortiguard.com/encyclopedia/ips/12845
PHP-Survey.global.inc.Access,https://www.fortiguard.com/encyclopedia/ips/12392
PHP.Messagerie.Supp.Membre.Php.Access,https://www.fortiguard.com/encyclopedia/ips/12141
PHP.Remote.File.Inclusion,https://www.fortiguard.com/encyclopedia/ips/12699
PHP.WHM.AutoPilot.XSS,https://www.fortiguard.com/encyclopedia/ips/12891
PHPLIB.Command.Execution,https://www.fortiguard.com/encyclopedia/ips/12921
PHPnuke.BB.Smilies.Php.Information.Disclosure,https://www.fortiguard.com/encyclopedia/ips/12140
POP3.Argument.Overly.Long,https://www.fortiguard.com/encyclopedia/ips/12463
POP3.Argument.Overly.Long,https://www.fortiguard.com/encyclopedia/ips/109248521
POP3.Command.Overflow,https://www.fortiguard.com/encyclopedia/ips/109248520
POP3.Command.Overflow,https://www.fortiguard.com/encyclopedia/ips/12981
POP3.Unknown.Command,https://www.fortiguard.com/encyclopedia/ips/12799
POP3.Unknown.Command,https://www.fortiguard.com/encyclopedia/ips/109248516
PPTP.Negative.Read.BufferOveflow,https://www.fortiguard.com/encyclopedia/ips/12531
PROTOS.TestSuite.Trap,https://www.fortiguard.com/encyclopedia/ips/12611
Perl.Browse.Space,https://www.fortiguard.com/encyclopedia/ips/12241
Phf.Qalias,https://www.fortiguard.com/encyclopedia/ips/12721
Phorum.Violation.Php3.EmailRelay,https://www.fortiguard.com/encyclopedia/ips/12150
Phorum.read.php3.SQLStatement,https://www.fortiguard.com/encyclopedia/ips/12983
Php.CGI,https://www.fortiguard.com/encyclopedia/ips/12529
Pi3Web.tstisapi.BufferOverflow,https://www.fortiguard.com/encyclopedia/ips/12376
PostNuke.SubjectsModule.SQLInjection.listpages,https://www.fortiguard.com/encyclopedia/ips/12797
Project.R3x.Dictionary.Password.Access,https://www.fortiguard.com/encyclopedia/ips/12669
Project1.TCP,https://www.fortiguard.com/encyclopedia/ips/12366
RPC.Fragment.Overflow,https://www.fortiguard.com/encyclopedia/ips/107610115
RPC.Fragment.Overflow,https://www.fortiguard.com/encyclopedia/ips/12946
RPC.Incompleted.Segment,https://www.fortiguard.com/encyclopedia/ips/13104
Ramen.Retrieval,https://www.fortiguard.com/encyclopedia/ips/12996
Red.Faction,https://www.fortiguard.com/encyclopedia/ips/12816
Redirect.Code4,https://www.fortiguard.com/encyclopedia/ips/13012
Rootkit.r00t,https://www.fortiguard.com/encyclopedia/ips/12755
SAM.Backup.Disclosure,https://www.fortiguard.com/encyclopedia/ips/12873
SGI.IRIS.pfdispaly.DirectoryTraversal,https://www.fortiguard.com/encyclopedia/ips/12322
SGI.pfdispaly.Disclosure,https://www.fortiguard.com/encyclopedia/ips/12546
SMB.Remote.IPC$.Access,https://www.fortiguard.com/encyclopedia/ips/13051
SMTP.CMD.Overflow,https://www.fortiguard.com/encyclopedia/ips/12764
SMTP.CMD.Overflow,https://www.fortiguard.com/encyclopedia/ips/109314056
SMTP.EHLO.Overlong.Buffer.Overflow,https://www.fortiguard.com/encyclopedia/ips/12131
SMTP.Unknown.Command,https://www.fortiguard.com/encyclopedia/ips/12839
SMTP.Unknown.Command,https://www.fortiguard.com/encyclopedia/ips/109314052
SNMP.Private.Access,https://www.fortiguard.com/encyclopedia/ips/12317
SNMP.Restricted.OID,https://www.fortiguard.com/encyclopedia/ips/12684
SNMP.Restricted.OID,https://www.fortiguard.com/encyclopedia/ips/294191112
SNMP.v1.Spec.Violation,https://www.fortiguard.com/encyclopedia/ips/294191108
SNMP.v1.Spec.Violation,https://www.fortiguard.com/encyclopedia/ips/12628
SalesLogix.eViewer.CommandExecution,https://www.fortiguard.com/encyclopedia/ips/13093
Scan.Saint,https://www.fortiguard.com/encyclopedia/ips/12824
Scan.Satan,https://www.fortiguard.com/encyclopedia/ips/12493
Sendmail.5.5.8.Shell.Commands.Execution,https://www.fortiguard.com/encyclopedia/ips/12221
Server.U.Transversal,https://www.fortiguard.com/encyclopedia/ips/12359
ServerVariables_Jscript.asp.Access,https://www.fortiguard.com/encyclopedia/ips/12772
Servers.Suite.DoS,https://www.fortiguard.com/encyclopedia/ips/12830
Shaft.Agent2Handler,https://www.fortiguard.com/encyclopedia/ips/12591
Shaft.Handler2Agent,https://www.fortiguard.com/encyclopedia/ips/12745
SilverPlatter.WebSPIRS.Directory.Traversal,https://www.fortiguard.com/encyclopedia/ips/12484
SiteServer.Repost.Asp.Access,https://www.fortiguard.com/encyclopedia/ips/12450
SiteServer.uploadn.asp.Access,https://www.fortiguard.com/encyclopedia/ips/12246
SiteServer.uploadx.asp.Access,https://www.fortiguard.com/encyclopedia/ips/12751
Skunkware.view-source.DirectoryTraversal,https://www.fortiguard.com/encyclopedia/ips/12754
Sniffer.Pro.NetXRay,https://www.fortiguard.com/encyclopedia/ips/12566
Spoof.PTR.TTL,https://www.fortiguard.com/encyclopedia/ips/12958
Stacheldraht.Client.Check,https://www.fortiguard.com/encyclopedia/ips/12993
Stacheldraht.Server.Response.Gag,https://www.fortiguard.com/encyclopedia/ips/13097
Stacheldraht.Sever.Spoof,https://www.fortiguard.com/encyclopedia/ips/12515
Superscan.Echo,https://www.fortiguard.com/encyclopedia/ips/12809
Symantec.DoS,https://www.fortiguard.com/encyclopedia/ips/12749
TCP.Bad.Option.Length,https://www.fortiguard.com/encyclopedia/ips/108658691
TCP.Bad.Option.Length,https://www.fortiguard.com/encyclopedia/ips/12650
TCP.Data.On.SYN,https://www.fortiguard.com/encyclopedia/ips/12276
TCP.Data.On.SYN,https://www.fortiguard.com/encyclopedia/ips/107937798
TCP.Nmap.Fingerprint,https://www.fortiguard.com/encyclopedia/ips/13112
TCP.PORT0,https://www.fortiguard.com/encyclopedia/ips/12766
TCP.Stealth.Activity,https://www.fortiguard.com/encyclopedia/ips/12729
TCP.Stealth.Activity,https://www.fortiguard.com/encyclopedia/ips/107937794
TCP.TTL.Evasion,https://www.fortiguard.com/encyclopedia/ips/12934
TCP.TTL.Evasion,https://www.fortiguard.com/encyclopedia/ips/107937801
TFN.Client.Command.BE,https://www.fortiguard.com/encyclopedia/ips/12527
TFN.Probe,https://www.fortiguard.com/encyclopedia/ips/13039
TFN.Server.Response.DoS,https://www.fortiguard.com/encyclopedia/ips/12146
TFN2K,https://www.fortiguard.com/encyclopedia/ips/12510
TRACK.Requests,https://www.fortiguard.com/encyclopedia/ips/12932
Talentsoft.WebPlus.DirectoryTraversal,https://www.fortiguard.com/encyclopedia/ips/12586
Talentsoft.WebPlus.InternalIP.Disclosure,https://www.fortiguard.com/encyclopedia/ips/12939
Talkback.DirectoryTraversal,https://www.fortiguard.com/encyclopedia/ips/12473
Tarantella.ttawebtop.DirectoryTraversal,https://www.fortiguard.com/encyclopedia/ips/13068
Tcpdump.ISAKMP.Integer.Overflow,https://www.fortiguard.com/encyclopedia/ips/12488
Telnet.Remote.Root.Login,https://www.fortiguard.com/encyclopedia/ips/12363
Telnet.resolv_host_conf.Access,https://www.fortiguard.com/encyclopedia/ips/13054
Test-CGI.Access,https://www.fortiguard.com/encyclopedia/ips/12550
Topic.Calendar.calendar_scheduler.XSS,https://www.fortiguard.com/encyclopedia/ips/12863
Traceroute,https://www.fortiguard.com/encyclopedia/ips/12466
TrackerCam.User-Agent.Buffer.Overflow,https://www.fortiguard.com/encyclopedia/ips/12747
TrendMicro.OfficeScan.Unauthenticated.Usage,https://www.fortiguard.com/encyclopedia/ips/12262
TrendMicro.VirusWall.FtpSave.dll.Access,https://www.fortiguard.com/encyclopedia/ips/12649
Trin00.Daemon2Master,https://www.fortiguard.com/encyclopedia/ips/12871
Trin00.HELLO,https://www.fortiguard.com/encyclopedia/ips/12390
Trin00.Master2Daemon.Password.Default,https://www.fortiguard.com/encyclopedia/ips/12446
Trin00.PONG,https://www.fortiguard.com/encyclopedia/ips/12548
Trin00.Password.Mdie.Default,https://www.fortiguard.com/encyclopedia/ips/12936
UDP.Bad.Checksum,https://www.fortiguard.com/encyclopedia/ips/12181
UDP.PORT0,https://www.fortiguard.com/encyclopedia/ips/12525
WSMP.Overflow,https://www.fortiguard.com/encyclopedia/ips/12271
WWWCount.FileDisclosure,https://www.fortiguard.com/encyclopedia/ips/12813
Walksam.Admin.Scan.139,https://www.fortiguard.com/encyclopedia/ips/12779
Wayboard.Disclosure,https://www.fortiguard.com/encyclopedia/ips/12309
Web.Browser.Infinite.Array.Sort.DoS,https://www.fortiguard.com/encyclopedia/ips/13022
Web.cgi-bin.Access,https://www.fortiguard.com/encyclopedia/ips/12475
Web.cgi-dos.ArgsDotCmd.Access,https://www.fortiguard.com/encyclopedia/ips/12349
WebWho.whois.CommandExecution,https://www.fortiguard.com/encyclopedia/ips/12641
Whatsup.Gold,https://www.fortiguard.com/encyclopedia/ips/12691
Windmail.File.Disclosure,https://www.fortiguard.com/encyclopedia/ips/12635
Windows.Ani.File.DoS,https://www.fortiguard.com/encyclopedia/ips/12328
Windows.IGMP.Header.Invalid.E,https://www.fortiguard.com/encyclopedia/ips/12250
Winnuke.RPC,https://www.fortiguard.com/encyclopedia/ips/12357
Winnuke.Windows.Out.Of.Band.DoS,https://www.fortiguard.com/encyclopedia/ips/12775
WuFTP.SITE.EXEC.Attempt,https://www.fortiguard.com/encyclopedia/ips/12884
bad_data_length,https://www.fortiguard.com/encyclopedia/ips/12785
bad_data_length,https://www.fortiguard.com/encyclopedia/ips/294191109
dadaIMC.HTML.Injection,https://www.fortiguard.com/encyclopedia/ips/12533
forward_overlap,https://www.fortiguard.com/encyclopedia/ips/12917
indefinite_length,https://www.fortiguard.com/encyclopedia/ips/294191105
indefinite_length,https://www.fortiguard.com/encyclopedia/ips/12344
invalid_length,https://www.fortiguard.com/encyclopedia/ips/294191106
invalid_length,https://www.fortiguard.com/encyclopedia/ips/12730
null_base_dn,https://www.fortiguard.com/encyclopedia/ips/12957
oversized_item,https://www.fortiguard.com/encyclopedia/ips/12736
oversized_item,https://www.fortiguard.com/encyclopedia/ips/294191107
oversized_msg,https://www.fortiguard.com/encyclopedia/ips/13091
oversized_msg,https://www.fortiguard.com/encyclopedia/ips/8912900
phpCMS.Parser.XSS,https://www.fortiguard.com/encyclopedia/ips/12750
tcp_bad_checksum,https://www.fortiguard.com/encyclopedia/ips/12713
vBulletin.misc.Arbitrary.PHP.Code.Execution,https://www.fortiguard.com/encyclopedia/ips/12283
vrfy_cmd,https://www.fortiguard.com/encyclopedia/ips/109314058
vrfy_cmd,https://www.fortiguard.com/encyclopedia/ips/12866
IKE.Exchange.DoS.Version,https://www.fortiguard.com/encyclopedia/ips/13129
Linux.Kernel.SNMP.Handler.DoS,https://www.fortiguard.com/encyclopedia/ips/13168
PHPNuke.Search.Module.Directory.Traversal,https://www.fortiguard.com/encyclopedia/ips/13178
Libextractor.Asfextractor.Heap.Buffer.Overflow,https://www.fortiguard.com/encyclopedia/ips/13155
MailEnable.SMTP.Request.Format.String,https://www.fortiguard.com/encyclopedia/ips/12125
RFParalyze.Null.Source.Name.DoS,https://www.fortiguard.com/encyclopedia/ips/12128
Teardrop.Bonk.DoS,https://www.fortiguard.com/encyclopedia/ips/12124
MS.IE.MHTML.URI.Shortcut.Buffer.Overflow,https://www.fortiguard.com/encyclopedia/ips/12098
BMP.File.Width.Height.Buffer.Overflow,https://www.fortiguard.com/encyclopedia/ips/12089
FTP.RETR.PASSWD,https://www.fortiguard.com/encyclopedia/ips/12088
MS.IE.OVCtl.NewDefaultItem.DoS,https://www.fortiguard.com/encyclopedia/ips/12085
Tomcat.Ajp12.Shutdown.Attempt,https://www.fortiguard.com/encyclopedia/ips/12069
MS.IE.DirectX.Image.Transform.Object.DoS,https://www.fortiguard.com/encyclopedia/ips/12056
Mstream.Agent.Pong2Handler,https://www.fortiguard.com/encyclopedia/ips/12055
MS.IE.DXTFilter.DoS,https://www.fortiguard.com/encyclopedia/ips/12048
MS.Office.Document.Handling.Code.Execution,https://www.fortiguard.com/encyclopedia/ips/12042
Iaxclient.Truncated.IAX.Frames.Overflow,https://www.fortiguard.com/encyclopedia/ips/12040
MS.IE.Table.Frameset.DoS,https://www.fortiguard.com/encyclopedia/ips/12033
MS.IE.StructuredGraphics.DoS,https://www.fortiguard.com/encyclopedia/ips/12032
MS.RAS.PPTP.Malformed.Control.Packet.DoS,https://www.fortiguard.com/encyclopedia/ips/12026
Snork.UDP.DoS,https://www.fortiguard.com/encyclopedia/ips/12027
MS.Windows.RPC.REMACT.Service.Access,https://www.fortiguard.com/encyclopedia/ips/12001
ISC.BIND.InverseQuery.Overflow,https://www.fortiguard.com/encyclopedia/ips/11931
MS.Nb.Isakmp.DoS,https://www.fortiguard.com/encyclopedia/ips/11928
OpenSSL.ASN.1.Double.Free,https://www.fortiguard.com/encyclopedia/ips/11925
SSH.Server.Buffer.Overflow,https://www.fortiguard.com/encyclopedia/ips/11920
CyberKit.2.2.Echo.Request,https://www.fortiguard.com/encyclopedia/ips/11899
Horde.Eval.Poor.Input.Validation,https://www.fortiguard.com/encyclopedia/ips/11894
POP3.MIME.Deep.Nesting,https://www.fortiguard.com/encyclopedia/ips/11893
ShixxNOTE6.net.Remote.Buffer.Overflow,https://www.fortiguard.com/encyclopedia/ips/11861
MS.Windows.RDS.Dataspace.ActiveX.Access,https://www.fortiguard.com/encyclopedia/ips/11850
IRIX.lpsched.Shell.Metacharacter.Command.Execution,https://www.fortiguard.com/encyclopedia/ips/11787
Apple.Mail.x-unix-mode.Mail.Attachment.Command.Execution,https://www.fortiguard.com/encyclopedia/ips/11750
MS.Windows.Printing.Service.DoS,https://www.fortiguard.com/encyclopedia/ips/11744
MS.Windows.Media.Player.plugin.Buffer.Overflow,https://www.fortiguard.com/encyclopedia/ips/11736
Golden.FTPD.APPE.Stack.Overflow,https://www.fortiguard.com/encyclopedia/ips/11732
RITLabs.The.Bat.Email.Subject.Header.Buffer.Overflow,https://www.fortiguard.com/encyclopedia/ips/11728
Backdoor.AOL.Admin,https://www.fortiguard.com/encyclopedia/ips/11721
Backdoor.Infra.Trojan,https://www.fortiguard.com/encyclopedia/ips/11722
Trojan.Glacier,https://www.fortiguard.com/encyclopedia/ips/11720
Myquiz.Shell.Command.Injection,https://www.fortiguard.com/encyclopedia/ips/11699
Cisco.IOS.HTTP.DoS,https://www.fortiguard.com/encyclopedia/ips/11692
HTTP.Header.Value.Format.String,https://www.fortiguard.com/encyclopedia/ips/11691
Apple.QuickTime.Multiple.Integer.Overflow,https://www.fortiguard.com/encyclopedia/ips/11624
Google.Appliance.ProxyStyleSheet.Command.Execution,https://www.fortiguard.com/encyclopedia/ips/11592
PHP.AppServ.appservroot.Remote.File.Inclusion,https://www.fortiguard.com/encyclopedia/ips/11583
PHPLDAPAdmin.Welcome.PHP.Vuln,https://www.fortiguard.com/encyclopedia/ips/11575
ICCP.COTP.Disconnect.Protocol.Error,https://www.fortiguard.com/encyclopedia/ips/11517
ICCP.Invalid.OSI.SSEL.Refuse.PDU,https://www.fortiguard.com/encyclopedia/ips/11518
ICCP.Unauthorized.MMS.Write.Success,https://www.fortiguard.com/encyclopedia/ips/11515
Modbus.TCP.Illegal.Packet.Size,https://www.fortiguard.com/encyclopedia/ips/11530
CVS.Malformed.Entry.Modified.Heap.Overflow,https://www.fortiguard.com/encyclopedia/ips/11496
PhpMyAdmin.ImportBlacklist.Remote.Variables.Overwrite,https://www.fortiguard.com/encyclopedia/ips/11458
PHP.Snoopy.Arbitrary.Command.Execution,https://www.fortiguard.com/encyclopedia/ips/11453
PHP.Labs.Top.Auction.search.php.SQL.Injection,https://www.fortiguard.com/encyclopedia/ips/11436
PHP.Guppy.XSS,https://www.fortiguard.com/encyclopedia/ips/11428
eFiction.Cross-Site.Scripting,https://www.fortiguard.com/encyclopedia/ips/11416
IPSecTools.IKE.Message.Handling.DoS,https://www.fortiguard.com/encyclopedia/ips/11391
PHP.Mantis.Arbitrary.File.Inclusion,https://www.fortiguard.com/encyclopedia/ips/11388
Sony.CD.SunnComm.MediaMax.AxWebRemoveCtrl.Command.Execution,https://www.fortiguard.com/encyclopedia/ips/11380
Admin.PHP.Upload,https://www.fortiguard.com/encyclopedia/ips/11372
MS.IE.Control.Status.Bar.Spoofing,https://www.fortiguard.com/encyclopedia/ips/11368
PHP.PHPWCMS.XSS,https://www.fortiguard.com/encyclopedia/ips/11362
PHPNuke.Search.Module.SQL.Injection,https://www.fortiguard.com/encyclopedia/ips/11360
SAP.fameset.HTML.Injection,https://www.fortiguard.com/encyclopedia/ips/11332
PHP.PEAR.XMLRPC.PHPCode.Injection,https://www.fortiguard.com/encyclopedia/ips/11318
PHPMyAdmin.Cookie.Auth.Lib.PHP.HTML.Injection,https://www.fortiguard.com/encyclopedia/ips/11312
phpMyAdmin.Error.php.XSS,https://www.fortiguard.com/encyclopedia/ips/11311
Wzdftpd.SITE.Arbitrary.Command.Execution,https://www.fortiguard.com/encyclopedia/ips/11304
MS.Outlook.GMT.Buffer.Overflow,https://www.fortiguard.com/encyclopedia/ips/11298
PHPBB.RegisterGlobals.Deregistration.Bypass,https://www.fortiguard.com/encyclopedia/ips/11285
Cauldron.Chaser.Remote.DoS,https://www.fortiguard.com/encyclopedia/ips/11282
PHPMyAdmin.XSS,https://www.fortiguard.com/encyclopedia/ips/11284
Mozilla.Firefox.Arbitrary.HTTP.Request.Injection,https://www.fortiguard.com/encyclopedia/ips/11266
Multiple.Browsers.Domain.Name.Remote.Buffer.Overflow,https://www.fortiguard.com/encyclopedia/ips/11263
Ethereal.Dissector.Buffer.Overflow,https://www.fortiguard.com/encyclopedia/ips/11248
Mozilla.Firefox.Iframe.Size.DoS,https://www.fortiguard.com/encyclopedia/ips/11247
MS.Windows.MSDTC.BuildContextW.Memory.Corruption,https://www.fortiguard.com/encyclopedia/ips/11218
MS.SQL.Server.Resolution.Service.Heap.Overflow,https://www.fortiguard.com/encyclopedia/ips/11212
PHP.CMS.Made.Simple.Index.php.XSS,https://www.fortiguard.com/encyclopedia/ips/11016
PHP.Riverdark.rss.php.XSS,https://www.fortiguard.com/encyclopedia/ips/11015
MS.ActiveX.htmlfile.File.Disclosure,https://www.fortiguard.com/encyclopedia/ips/10973
MS.IE.ActiveX.Certificate.Enrollment.Control.Destruction,https://www.fortiguard.com/encyclopedia/ips/11002
MS.IE.ActiveX.Eyedog.Access,https://www.fortiguard.com/encyclopedia/ips/10970
MS.IE.ActiveX.Image.Control.Access,https://www.fortiguard.com/encyclopedia/ips/10983
MS.IE.BatchDownloader.ActiveX.Object.Access,https://www.fortiguard.com/encyclopedia/ips/10981
MS.IE.DHTML.Editing.Object.Access,https://www.fortiguard.com/encyclopedia/ips/10966
MS.IE.DigWebHelper.ActiveX.Object.Access,https://www.fortiguard.com/encyclopedia/ips/10980
MS.IE.DigWebX.ActiveX.Object.Access,https://www.fortiguard.com/encyclopedia/ips/10979
MS.IE.DigWebX.MSN.ActiveX.Object.Access,https://www.fortiguard.com/encyclopedia/ips/10982
MS.IE.Kodak.Image.Editing.ActiveX.Object.Access,https://www.fortiguard.com/encyclopedia/ips/11004
MS.IE.Kodak.Image.Scan.ActiveX.Object.Access,https://www.fortiguard.com/encyclopedia/ips/10998
MS.IE.Kodak.Image.Thumbnail.ActiveX.Object.Access,https://www.fortiguard.com/encyclopedia/ips/11008
MS.IE.MSN.Heartbeat.ActiveX.Object.Access,https://www.fortiguard.com/encyclopedia/ips/10985
MS.IE.MsnPUpld.ActiveX.Control.Access,https://www.fortiguard.com/encyclopedia/ips/11009
MS.IE.MultimediaFile.PropertySheet.ActiveX.Object.Access,https://www.fortiguard.com/encyclopedia/ips/10977
MS.IE.Registration.Wizard.Buffer.Overflow,https://www.fortiguard.com/encyclopedia/ips/10989
MS.IE.System.Monitor.ActiveX.Object.DoS,https://www.fortiguard.com/encyclopedia/ips/10969
MS.IE.hhopen.OLE.Control.Buffer.Overflow,https://www.fortiguard.com/encyclopedia/ips/11010
MS.Windows.Media.Player.ActiveX.Error.Message,https://www.fortiguard.com/encyclopedia/ips/10971
MS.Windows.Smartcard.Enrollment.ActiveX.Object.Access,https://www.fortiguard.com/encyclopedia/ips/10999
PHP.Nucleus.CMS.Action.php.SQL.Injection,https://www.fortiguard.com/encyclopedia/ips/11011
Tcpdump.LDP.Print.Zero.Length.Message.TCP.DoS,https://www.fortiguard.com/encyclopedia/ips/10962
Tcpdump.LDP.Print.Zero.Length.Message.UDP.DoS,https://www.fortiguard.com/encyclopedia/ips/10963
Kodak.Image.Editing.ActiveX.Object.Access,https://www.fortiguard.com/encyclopedia/ips/10958
CuteNews.Remote.Code.Execution,https://www.fortiguard.com/encyclopedia/ips/10947
MS.IIS.Server.Name.Spoofing,https://www.fortiguard.com/encyclopedia/ips/10950
Harber.Listen.exe.Exploit,https://www.fortiguard.com/encyclopedia/ips/10900
Icecast.Base64.Authorization.DoS,https://www.fortiguard.com/encyclopedia/ips/10905
MS.IE.SharePoint.Portal.LogSink.Object.Access,https://www.fortiguard.com/encyclopedia/ips/10923
MS.RPC.Spoolss.Buffer.Overflow,https://www.fortiguard.com/encyclopedia/ips/10904
MailEnable.Login.Stack.Overflow,https://www.fortiguard.com/encyclopedia/ips/10901
FTP.MODE.Invalid,https://www.fortiguard.com/encyclopedia/ips/10871
PHP.memory.limit.Code.Execution,https://www.fortiguard.com/encyclopedia/ips/10873
Sun.Solaris.Kodak.KCMS.Directory.Traversal,https://www.fortiguard.com/encyclopedia/ips/10870
Arkeia.Long.Request.Stack.Overflow,https://www.fortiguard.com/encyclopedia/ips/10837
CGI.SiteInteractive.Setup.PL.Arbitrary.Command.Execution,https://www.fortiguard.com/encyclopedia/ips/10838
Software602.602Pro.LAN.SUITE.2003.Directory.Traversal,https://www.fortiguard.com/encyclopedia/ips/10835
CGI.CHETCPASSWD.Shadow.File.Disclosure,https://www.fortiguard.com/encyclopedia/ips/10825
Avirt.Soho.Web.Service.HTTP.GET.Buffer.Overflow,https://www.fortiguard.com/encyclopedia/ips/10799
MS.RPC.DCOM.Object.Activation.Interface.Buffer.Overflow,https://www.fortiguard.com/encyclopedia/ips/10786
Pro.GateKeeper.Web.Proxy.Buffer.Overflow,https://www.fortiguard.com/encyclopedia/ips/10800
Apache.Cocoon.Directory.Traversal,https://www.fortiguard.com/encyclopedia/ips/10779
Linux.TCPDump.RADIUS.Packet.DoS,https://www.fortiguard.com/encyclopedia/ips/10767
AOLserver.Directory.Traversal,https://www.fortiguard.com/encyclopedia/ips/10572
ActivePerl.PerlIS.dll.Remote.Buffer.Overflow,https://www.fortiguard.com/encyclopedia/ips/10511
AdCycle.AdLogin.pm.Authentication.Bypass,https://www.fortiguard.com/encyclopedia/ips/10521
Air.Messenger.LAN.Server.Path.Disclosure,https://www.fortiguard.com/encyclopedia/ips/10669
Bajie.HTTP.JServer.CGI.Shell.Command.Execution,https://www.fortiguard.com/encyclopedia/ips/10600
CGI.AWStats.Debug.Input.Validation,https://www.fortiguard.com/encyclopedia/ips/10493
CGI.CSLiveSupport.Remote.Command.Execution,https://www.fortiguard.com/encyclopedia/ips/10614
CGI.CSNews.Remote.Command.Execution,https://www.fortiguard.com/encyclopedia/ips/10617
Cfengine.Cfservd.Transaction.Packet.Buffer.Overflow,https://www.fortiguard.com/encyclopedia/ips/10557
CooolSoft.PowerFTP.PWD.Path.Disclosure,https://www.fortiguard.com/encyclopedia/ips/10466
Expinion.Net.MMS.Error.asp.XSS,https://www.fortiguard.com/encyclopedia/ips/10639
Expinion.Net.MMS.XSS,https://www.fortiguard.com/encyclopedia/ips/10638
HTTP.Host.Header.Buffer.Overflow,https://www.fortiguard.com/encyclopedia/ips/10732
ICQ.Message.Session.Window.DoS,https://www.fortiguard.com/encyclopedia/ips/10700
Icecast.Malformed.File.Name.DoS,https://www.fortiguard.com/encyclopedia/ips/10523
Kerio.Personal.Firewall.DoS,https://www.fortiguard.com/encyclopedia/ips/10468
LibPNG.iCCP.NULL.Dereference.DoS,https://www.fortiguard.com/encyclopedia/ips/10533
MS.DirectX.DirectShow.Buffer.Overflow,https://www.fortiguard.com/encyclopedia/ips/10594
MS.IE.DBCS.Address.Bar.Spoofing,https://www.fortiguard.com/encyclopedia/ips/10556
MS.IE.HTML.Same.Origin.Policy.Violation,https://www.fortiguard.com/encyclopedia/ips/10539
Opera.Browser.Large.Array.DoS,https://www.fortiguard.com/encyclopedia/ips/10625
Oracle.Net.Services.Listener.DoS,https://www.fortiguard.com/encyclopedia/ips/10758
Oracle9i.TNS.OneByte.DoS,https://www.fortiguard.com/encyclopedia/ips/10725
PHP.Mail.Function.Control.Character.Header.Spoofing,https://www.fortiguard.com/encyclopedia/ips/10754
PHP.cURL.OpenBasedir.Restriction.Bypass,https://www.fortiguard.com/encyclopedia/ips/10570
Polycom.ViaVideo.DoS,https://www.fortiguard.com/encyclopedia/ips/10627
Qualcomm.Eudora.Attachment.Spoof,https://www.fortiguard.com/encyclopedia/ips/10599
Qualcomm.Eudora.MIME.Nesting.DoS,https://www.fortiguard.com/encyclopedia/ips/10472
SAP.ITS.AGate.Path.Disclosure,https://www.fortiguard.com/encyclopedia/ips/10728
SAP.ITS.WGate.Trace.Level.Logging.Format.String,https://www.fortiguard.com/encyclopedia/ips/10724
SAP.Internet.Server.Directory.Traversal,https://www.fortiguard.com/encyclopedia/ips/10714
SAP.Internet.Transaction.Server.Information.Disclosure,https://www.fortiguard.com/encyclopedia/ips/10711
SalesLogix.ProcessQueueFile.Command.Directory.Traversal,https://www.fortiguard.com/encyclopedia/ips/10597
SalesLogix.Sensitive.Information.Disclosure,https://www.fortiguard.com/encyclopedia/ips/10593
Sambar.Web.Server.Unauthorized.Access.Pagecount,https://www.fortiguard.com/encyclopedia/ips/10516
SolarWinds.TFTP.Server.Directory.Traversal,https://www.fortiguard.com/encyclopedia/ips/10520
Sun.ONE.Application.Server.Source.Disclosure,https://www.fortiguard.com/encyclopedia/ips/10619
Tcpdump.L2TP.Parser.Remote.DoS,https://www.fortiguard.com/encyclopedia/ips/10716
VPASP.shopexd.asp.SQL.Injection,https://www.fortiguard.com/encyclopedia/ips/10651
WFTPD.Pro.MLST.Buffer.Overflow,https://www.fortiguard.com/encyclopedia/ips/10765
WatchGuard.Firebox.SMTP.Content.Bypass,https://www.fortiguard.com/encyclopedia/ips/10510
Webpage.Link.Hostname.Overly.Long,https://www.fortiguard.com/encyclopedia/ips/10494
Working.Resources.Badblue.Malformed.HTTP.DoS,https://www.fortiguard.com/encyclopedia/ips/10756
WuFtpd.Wildcard.DoS,https://www.fortiguard.com/encyclopedia/ips/10486
cPanel.Multiple.Script.XSS,https://www.fortiguard.com/encyclopedia/ips/10643
Aestiva.HTML.OS.XSS,https://www.fortiguard.com/encyclopedia/ips/10420
FTP.NLST.Directory.Traversal,https://www.fortiguard.com/encyclopedia/ips/10462
Lycos.htmlGEAR.Guestbook.XSS,https://www.fortiguard.com/encyclopedia/ips/10421
MS.Windows.2000.LANMAN.DoS,https://www.fortiguard.com/encyclopedia/ips/10444
MS.Windows.Shell.Buffer.Overflow,https://www.fortiguard.com/encyclopedia/ips/10453
MultiTech.SOHO.Routefinder.550.VPN.Firmware.Overflow,https://www.fortiguard.com/encyclopedia/ips/10415
Oracle.9i.AS.SOAP.Unsecure.Default.Configurations,https://www.fortiguard.com/encyclopedia/ips/10455
PHP.Actionpoll.CONFIGBASEROOT.Code.Execution,https://www.fortiguard.com/encyclopedia/ips/10457
PHP.Bharat.Gallery.Arbitrary.Command.Execution,https://www.fortiguard.com/encyclopedia/ips/10423
PHP.pSlash.lvcIncludeDir.Code.Execution,https://www.fortiguard.com/encyclopedia/ips/10461
MS.Windows.XP.HCP.URI.Handler.Arbitrary.Command.Execution,https://www.fortiguard.com/encyclopedia/ips/10403
Naxtor.Edirectory.Message.ASP.XSS,https://www.fortiguard.com/encyclopedia/ips/10367
PHP.FlatNuke.User.Data.Arbitrary.Code.Execution,https://www.fortiguard.com/encyclopedia/ips/10362
PHP.FlatNuke.XSS,https://www.fortiguard.com/encyclopedia/ips/10361
PHP.MyGuestbook.Form.inc.php3.Remote.File.Inclusion,https://www.fortiguard.com/encyclopedia/ips/10397
PHP.PPA.PpaRootPath.Remote.File.Inclusion,https://www.fortiguard.com/encyclopedia/ips/10389
PHP.iPhotoAlbum.Remote.File.Inclusion,https://www.fortiguard.com/encyclopedia/ips/10388
SMTP.RCPT.TO.Command.Buffer.Overflow,https://www.fortiguard.com/encyclopedia/ips/10378
Squito.Gallery.Photolist.inc.php.File.Inclusion,https://www.fortiguard.com/encyclopedia/ips/10390
MS.SQL.Server.SQLXML.Buffer.Overflow,https://www.fortiguard.com/encyclopedia/ips/10347
Oracle.Reports.Server.Arbitrary.File.Disclosure,https://www.fortiguard.com/encyclopedia/ips/10339
MS.SQL.Server.Resolution.Service.Stack.Overflow,https://www.fortiguard.com/encyclopedia/ips/10328
Anaconda.Foundation.Directory.Apexec.pl.Directory.Traversal,https://www.fortiguard.com/encyclopedia/ips/10300
BNB.Survey.CGI.Remote.Command.Execution,https://www.fortiguard.com/encyclopedia/ips/10283
HTTP.CGI.Uploader.exe.Access,https://www.fortiguard.com/encyclopedia/ips/10278
HTTP.Coldfusion.Administrator.Probe,https://www.fortiguard.com/encyclopedia/ips/10272
HTTP.Tomcat.ContextAdmin.Access,https://www.fortiguard.com/encyclopedia/ips/10274
MS.Exchange.Malformed.MIME.Header.Blank.Charset.DoS,https://www.fortiguard.com/encyclopedia/ips/10284
NCSA.Apache.HTTPd.CGI.Testcgi.File.Listing,https://www.fortiguard.com/encyclopedia/ips/10285
RealAudio.Server.Templatehtm.DoS,https://www.fortiguard.com/encyclopedia/ips/10271
Webgais.Websendmail.Remote.Command.Execution,https://www.fortiguard.com/encyclopedia/ips/10289
FormHandler.CGI.Reply.Attachment,https://www.fortiguard.com/encyclopedia/ips/10244
HTTP.CGI.Bigconfcgi.Access,https://www.fortiguard.com/encyclopedia/ips/10243
SGI.InfoSearch.Fname.Command.Execution,https://www.fortiguard.com/encyclopedia/ips/10249
Sojourn.File.Access.Vuln,https://www.fortiguard.com/encyclopedia/ips/10250
Telnet.Pass.Library.Path.Environment.Value,https://www.fortiguard.com/encyclopedia/ips/10233
ICQ.Webserver.Arbitrary.File.Access,https://www.fortiguard.com/encyclopedia/ips/10205
Telnet.4Dgifts.SGI.Account.Attempt,https://www.fortiguard.com/encyclopedia/ips/10206
Netbilling.Nbmember.Information.Disclosure,https://www.fortiguard.com/encyclopedia/ips/10190
RaXnet.Cacti.ConfigSettings.PHP.Remote.File.Inclusion,https://www.fortiguard.com/encyclopedia/ips/10175
3Com.3CDaemon.FTP.Server.Information.Disclosure,https://www.fortiguard.com/encyclopedia/ips/10174
GlFTPd.Zip.Plugin.Directory.Traversal,https://www.fortiguard.com/encyclopedia/ips/10173
MS.IE.Sysimage.Protocol.Handler.Local.File.Detection,https://www.fortiguard.com/encyclopedia/ips/10162
Veritas.Backup.Exec.Agent.Invalid.Error.Status.DoS,https://www.fortiguard.com/encyclopedia/ips/10135
MPlayer.RTSP.Line.Response.Buffer.Overflow,https://www.fortiguard.com/encyclopedia/ips/10098
MS.ISA.ContentLength.HTTP.Request.Smuggling,https://www.fortiguard.com/encyclopedia/ips/10087
MS.Telnet.Client.Remote.Information.Disclosure,https://www.fortiguard.com/encyclopedia/ips/10092
ISC.DHCPD.Hostname.Buffer.Overflow,https://www.fortiguard.com/encyclopedia/ips/10041
Oracle9i.XDB.FTP.Unlock.Overflow,https://www.fortiguard.com/encyclopedia/ips/10018
WinZip.MIME.Archive.Buffer.Overflow,https://www.fortiguard.com/encyclopedia/ips/10022
MS.Outlook.Source.Email.Address.Spoofing,https://www.fortiguard.com/encyclopedia/ips/10014
